week,topic,activity,momentum
2022-10-03,Art & Culture,0,
2022-10-10,Art & Culture,0,
2022-10-17,Art & Culture,0,
2022-10-24,Art & Culture,0,
2022-10-31,Art & Culture,0,
2022-11-07,Art & Culture,0,
2022-11-14,Art & Culture,0,
2022-11-21,Art & Culture,0,
2022-11-28,Art & Culture,0,
2022-12-05,Art & Culture,0,
2022-12-12,Art & Culture,0,
2022-12-19,Art & Culture,0,-1.0
2022-12-26,Art & Culture,0,-1.0
2023-01-02,Art & Culture,0,-1.0
2023-01-09,Art & Culture,0,-1.0
2023-01-16,Art & Culture,0,-1.0
2023-01-23,Art & Culture,0,-1.0
2023-01-30,Art & Culture,0,-1.0
2023-02-06,Art & Culture,0,-1.0
2023-02-13,Art & Culture,0,-1.0
2023-02-20,Art & Culture,0,-1.0
2023-02-27,Art & Culture,0,-1.0
2023-03-06,Art & Culture,0,-1.0
2023-03-13,Art & Culture,0,-1.0
2023-03-20,Art & Culture,0,-1.0
2023-03-27,Art & Culture,0,-1.0
2023-04-03,Art & Culture,0,-1.0
2023-04-10,Art & Culture,0,-1.0
2023-04-17,Art & Culture,0,-1.0
2023-04-24,Art & Culture,0,-1.0
2023-05-01,Art & Culture,0,-1.0
2023-05-08,Art & Culture,0,-1.0
2023-05-15,Art & Culture,0,-1.0
2023-05-22,Art & Culture,0,-1.0
2023-05-29,Art & Culture,0,-1.0
2023-06-05,Art & Culture,0,-1.0
2023-06-12,Art & Culture,0,-1.0
2023-06-19,Art & Culture,0,-1.0
2023-06-26,Art & Culture,0,-1.0
2023-07-03,Art & Culture,0,-1.0
2023-07-10,Art & Culture,0,-1.0
2023-07-17,Art & Culture,0,-1.0
2023-07-24,Art & Culture,0,-1.0
2023-07-31,Art & Culture,0,-1.0
2023-08-07,Art & Culture,0,-1.0
2023-08-14,Art & Culture,0,-1.0
2023-08-21,Art & Culture,0,-1.0
2023-08-28,Art & Culture,0,-1.0
2023-09-04,Art & Culture,0,-1.0
2023-09-11,Art & Culture,0,-1.0
2023-09-18,Art & Culture,0,-1.0
2023-09-25,Art & Culture,0,-1.0
2023-10-02,Art & Culture,0,-1.0
2023-10-09,Art & Culture,0,-1.0
2023-10-16,Art & Culture,0,-1.0
2023-10-23,Art & Culture,0,-1.0
2023-10-30,Art & Culture,0,-1.0
2023-11-06,Art & Culture,0,-1.0
2023-11-13,Art & Culture,0,-1.0
2023-11-20,Art & Culture,1,1.9999996400000435
2023-11-27,Art & Culture,0,1.9999996400000435
2023-12-04,Art & Culture,0,1.9999996400000435
2023-12-11,Art & Culture,0,1.9999996400000435
2023-12-18,Art & Culture,0,-1.0
2023-12-25,Art & Culture,0,-1.0
2024-01-01,Art & Culture,0,-1.0
2024-01-08,Art & Culture,0,-1.0
2024-01-15,Art & Culture,0,-1.0
2024-01-22,Art & Culture,0,-1.0
2024-01-29,Art & Culture,0,-1.0
2024-02-05,Art & Culture,0,-1.0
2024-02-12,Art & Culture,0,-1.0
2024-02-19,Art & Culture,0,-1.0
2024-02-26,Art & Culture,0,-1.0
2024-03-04,Art & Culture,0,-1.0
2024-03-11,Art & Culture,0,-1.0
2024-03-18,Art & Culture,0,-1.0
2024-03-25,Art & Culture,0,-1.0
2024-04-01,Art & Culture,0,-1.0
2024-04-08,Art & Culture,0,-1.0
2024-04-15,Art & Culture,0,-1.0
2024-04-22,Art & Culture,0,-1.0
2024-04-29,Art & Culture,0,-1.0
2024-05-06,Art & Culture,0,-1.0
2024-05-13,Art & Culture,0,-1.0
2024-05-20,Art & Culture,0,-1.0
2024-05-27,Art & Culture,0,-1.0
2024-06-03,Art & Culture,0,-1.0
2024-06-10,Art & Culture,0,-1.0
2024-06-17,Art & Culture,0,-1.0
2024-06-24,Art & Culture,0,-1.0
2024-07-01,Art & Culture,0,-1.0
2024-07-08,Art & Culture,0,-1.0
2024-07-15,Art & Culture,0,-1.0
2024-07-22,Art & Culture,0,-1.0
2024-07-29,Art & Culture,0,-1.0
2024-08-05,Art & Culture,0,-1.0
2024-08-12,Art & Culture,0,-1.0
2024-08-19,Art & Culture,0,-1.0
2024-08-26,Art & Culture,0,-1.0
2024-09-02,Art & Culture,0,-1.0
2024-09-09,Art & Culture,0,-1.0
2024-09-16,Art & Culture,0,-1.0
2024-09-23,Art & Culture,0,-1.0
2024-09-30,Art & Culture,0,-1.0
2024-10-07,Art & Culture,0,-1.0
2024-10-14,Art & Culture,0,-1.0
2024-10-21,Art & Culture,0,-1.0
2024-10-28,Art & Culture,0,-1.0
2024-11-04,Art & Culture,0,-1.0
2024-11-11,Art & Culture,0,-1.0
2024-11-18,Art & Culture,0,-1.0
2024-11-25,Art & Culture,0,-1.0
2024-12-02,Art & Culture,1,1.9999996400000435
2024-12-09,Art & Culture,0,1.9999996400000435
2024-12-16,Art & Culture,0,1.9999996400000435
2024-12-23,Art & Culture,0,1.9999996400000435
2024-12-30,Art & Culture,0,-1.0
2025-01-06,Art & Culture,0,-1.0
2025-01-13,Art & Culture,0,-1.0
2025-01-20,Art & Culture,0,-1.0
2025-01-27,Art & Culture,0,-1.0
2025-02-03,Art & Culture,0,-1.0
2025-02-10,Art & Culture,1,0.49999991000000543
2025-02-17,Art & Culture,0,0.49999991000000543
2025-02-24,Art & Culture,0,1.9999996400000435
2025-03-03,Art & Culture,0,1.9999996400000435
2025-03-10,Art & Culture,0,-1.0
2025-03-17,Art & Culture,0,-1.0
2025-03-24,Art & Culture,0,-1.0
2025-03-31,Art & Culture,0,-1.0
2025-04-07,Art & Culture,0,-1.0
2025-04-14,Art & Culture,0,-1.0
2025-04-21,Art & Culture,0,-1.0
2025-04-28,Art & Culture,0,-1.0
2025-05-05,Art & Culture,0,-1.0
2025-05-12,Art & Culture,0,-1.0
2025-05-19,Art & Culture,0,-1.0
2025-05-26,Art & Culture,0,-1.0
2025-06-02,Art & Culture,0,-1.0
2025-06-09,Art & Culture,0,-1.0
2025-06-16,Art & Culture,0,-1.0
2025-06-23,Art & Culture,0,-1.0
2025-06-30,Art & Culture,0,-1.0
2025-07-07,Art & Culture,0,-1.0
2025-07-14,Art & Culture,0,-1.0
2025-07-21,Art & Culture,0,-1.0
2025-07-28,Art & Culture,0,-1.0
2025-08-04,Art & Culture,0,-1.0
2025-08-11,Art & Culture,0,-1.0
2025-08-18,Art & Culture,0,-1.0
2025-08-25,Art & Culture,0,-1.0
2025-09-01,Art & Culture,0,-1.0
2025-09-08,Art & Culture,0,-1.0
2025-09-15,Art & Culture,0,-1.0
2025-09-22,Art & Culture,0,-1.0
2025-09-29,Art & Culture,0,-1.0
2025-10-06,Art & Culture,0,-1.0
2025-10-13,Art & Culture,0,-1.0
2025-10-20,Art & Culture,0,-1.0
2025-10-27,Art & Culture,0,-1.0
2025-11-03,Art & Culture,0,-1.0
2025-11-10,Art & Culture,0,-1.0
2025-11-17,Art & Culture,0,-1.0
2025-11-24,Art & Culture,0,-1.0
2025-12-01,Art & Culture,0,-1.0
2025-12-08,Art & Culture,0,-1.0
2025-12-15,Art & Culture,0,-1.0
2025-12-22,Art & Culture,0,-1.0
2025-12-29,Art & Culture,0,-1.0
2026-01-05,Art & Culture,0,-1.0
2026-01-12,Art & Culture,0,-1.0
2026-01-19,Art & Culture,1,1.9999996400000435
2026-01-26,Art & Culture,0,1.9999996400000435
2026-02-02,Art & Culture,1,1.9999998200000109
2026-02-09,Art & Culture,2,1.9999999100000028
2026-02-16,Art & Culture,0,1.249999932500002
2026-02-23,Art & Culture,0,1.249999932500002
2026-03-02,Art & Culture,0,0.4999999550000014
2026-03-09,Art & Culture,0,-1.0
2026-03-16,Art & Culture,1,-0.40000001439999966
2026-03-23,Art & Culture,0,-0.40000001439999966
2026-03-30,Art & Culture,0,-0.40000001439999966
2026-04-06,Art & Culture,0,-0.40000001439999966
2026-04-13,Art & Culture,1,-0.40000001439999966
2026-04-20,Art & Culture,0,-0.40000001439999966
2026-04-27,Art & Culture,0,-0.2500000224999993
2026-05-04,Art & Culture,0,0.49999991000000543
2026-05-11,Art & Culture,0,-1.0
2026-05-18,Art & Culture,0,-1.0
2026-05-25,Art & Culture,0,-1.0
2026-06-01,Art & Culture,0,-1.0
2026-06-08,Art & Culture,0,-1.0
2026-06-15,Art & Culture,0,-1.0
2026-06-22,Art & Culture,0,-1.0
2026-06-29,Art & Culture,0,-1.0
2022-10-03,Climate & Environment,0,
2022-10-10,Climate & Environment,0,
2022-10-17,Climate & Environment,0,
2022-10-24,Climate & Environment,0,
2022-10-31,Climate & Environment,0,
2022-11-07,Climate & Environment,0,
2022-11-14,Climate & Environment,0,
2022-11-21,Climate & Environment,0,
2022-11-28,Climate & Environment,0,
2022-12-05,Climate & Environment,0,
2022-12-12,Climate & Environment,0,
2022-12-19,Climate & Environment,0,-1.0
2022-12-26,Climate & Environment,0,-1.0
2023-01-02,Climate & Environment,0,-1.0
2023-01-09,Climate & Environment,0,-1.0
2023-01-16,Climate & Environment,0,-1.0
2023-01-23,Climate & Environment,0,-1.0
2023-01-30,Climate & Environment,0,-1.0
2023-02-06,Climate & Environment,0,-1.0
2023-02-13,Climate & Environment,0,-1.0
2023-02-20,Climate & Environment,0,-1.0
2023-02-27,Climate & Environment,0,-1.0
2023-03-06,Climate & Environment,0,-1.0
2023-03-13,Climate & Environment,0,-1.0
2023-03-20,Climate & Environment,0,-1.0
2023-03-27,Climate & Environment,0,-1.0
2023-04-03,Climate & Environment,0,-1.0
2023-04-10,Climate & Environment,0,-1.0
2023-04-17,Climate & Environment,0,-1.0
2023-04-24,Climate & Environment,0,-1.0
2023-05-01,Climate & Environment,0,-1.0
2023-05-08,Climate & Environment,0,-1.0
2023-05-15,Climate & Environment,0,-1.0
2023-05-22,Climate & Environment,0,-1.0
2023-05-29,Climate & Environment,0,-1.0
2023-06-05,Climate & Environment,0,-1.0
2023-06-12,Climate & Environment,0,-1.0
2023-06-19,Climate & Environment,0,-1.0
2023-06-26,Climate & Environment,0,-1.0
2023-07-03,Climate & Environment,0,-1.0
2023-07-10,Climate & Environment,0,-1.0
2023-07-17,Climate & Environment,0,-1.0
2023-07-24,Climate & Environment,0,-1.0
2023-07-31,Climate & Environment,0,-1.0
2023-08-07,Climate & Environment,0,-1.0
2023-08-14,Climate & Environment,0,-1.0
2023-08-21,Climate & Environment,0,-1.0
2023-08-28,Climate & Environment,0,-1.0
2023-09-04,Climate & Environment,0,-1.0
2023-09-11,Climate & Environment,0,-1.0
2023-09-18,Climate & Environment,0,-1.0
2023-09-25,Climate & Environment,0,-1.0
2023-10-02,Climate & Environment,0,-1.0
2023-10-09,Climate & Environment,0,-1.0
2023-10-16,Climate & Environment,0,-1.0
2023-10-23,Climate & Environment,0,-1.0
2023-10-30,Climate & Environment,0,-1.0
2023-11-06,Climate & Environment,0,-1.0
2023-11-13,Climate & Environment,0,-1.0
2023-11-20,Climate & Environment,0,-1.0
2023-11-27,Climate & Environment,0,-1.0
2023-12-04,Climate & Environment,0,-1.0
2023-12-11,Climate & Environment,0,-1.0
2023-12-18,Climate & Environment,0,-1.0
2023-12-25,Climate & Environment,0,-1.0
2024-01-01,Climate & Environment,0,-1.0
2024-01-08,Climate & Environment,0,-1.0
2024-01-15,Climate & Environment,0,-1.0
2024-01-22,Climate & Environment,0,-1.0
2024-01-29,Climate & Environment,0,-1.0
2024-02-05,Climate & Environment,0,-1.0
2024-02-12,Climate & Environment,0,-1.0
2024-02-19,Climate & Environment,0,-1.0
2024-02-26,Climate & Environment,0,-1.0
2024-03-04,Climate & Environment,0,-1.0
2024-03-11,Climate & Environment,0,-1.0
2024-03-18,Climate & Environment,0,-1.0
2024-03-25,Climate & Environment,0,-1.0
2024-04-01,Climate & Environment,0,-1.0
2024-04-08,Climate & Environment,0,-1.0
2024-04-15,Climate & Environment,0,-1.0
2024-04-22,Climate & Environment,0,-1.0
2024-04-29,Climate & Environment,0,-1.0
2024-05-06,Climate & Environment,0,-1.0
2024-05-13,Climate & Environment,0,-1.0
2024-05-20,Climate & Environment,0,-1.0
2024-05-27,Climate & Environment,0,-1.0
2024-06-03,Climate & Environment,0,-1.0
2024-06-10,Climate & Environment,0,-1.0
2024-06-17,Climate & Environment,0,-1.0
2024-06-24,Climate & Environment,0,-1.0
2024-07-01,Climate & Environment,0,-1.0
2024-07-08,Climate & Environment,0,-1.0
2024-07-15,Climate & Environment,0,-1.0
2024-07-22,Climate & Environment,0,-1.0
2024-07-29,Climate & Environment,0,-1.0
2024-08-05,Climate & Environment,0,-1.0
2024-08-12,Climate & Environment,0,-1.0
2024-08-19,Climate & Environment,0,-1.0
2024-08-26,Climate & Environment,0,-1.0
2024-09-02,Climate & Environment,0,-1.0
2024-09-09,Climate & Environment,0,-1.0
2024-09-16,Climate & Environment,0,-1.0
2024-09-23,Climate & Environment,0,-1.0
2024-09-30,Climate & Environment,0,-1.0
2024-10-07,Climate & Environment,0,-1.0
2024-10-14,Climate & Environment,0,-1.0
2024-10-21,Climate & Environment,0,-1.0
2024-10-28,Climate & Environment,0,-1.0
2024-11-04,Climate & Environment,1,1.9999996400000435
2024-11-11,Climate & Environment,0,1.9999996400000435
2024-11-18,Climate & Environment,1,1.9999998200000109
2024-11-25,Climate & Environment,0,1.9999998200000109
2024-12-02,Climate & Environment,0,0.49999991000000543
2024-12-09,Climate & Environment,0,0.49999991000000543
2024-12-16,Climate & Environment,0,-1.0
2024-12-23,Climate & Environment,0,-1.0
2024-12-30,Climate & Environment,0,-1.0
2025-01-06,Climate & Environment,0,-1.0
2025-01-13,Climate & Environment,1,-3.999999842463353e-08
2025-01-20,Climate & Environment,0,-3.999999842463353e-08
2025-01-27,Climate & Environment,0,0.49999991000000543
2025-02-03,Climate & Environment,1,0.9999999200000032
2025-02-10,Climate & Environment,0,0.49999991000000543
2025-02-17,Climate & Environment,0,0.49999991000000543
2025-02-24,Climate & Environment,0,0.49999991000000543
2025-03-03,Climate & Environment,2,0.4999999550000014
2025-03-10,Climate & Environment,0,0.4999999550000014
2025-03-17,Climate & Environment,1,0.7999999568000009
2025-03-24,Climate & Environment,0,0.7999999568000009
2025-03-31,Climate & Environment,0,-0.40000001439999966
2025-04-07,Climate & Environment,0,-0.2500000224999993
2025-04-14,Climate & Environment,0,-1.0
2025-04-21,Climate & Environment,0,-1.0
2025-04-28,Climate & Environment,0,-1.0
2025-05-05,Climate & Environment,0,-1.0
2025-05-12,Climate & Environment,0,-1.0
2025-05-19,Climate & Environment,0,-1.0
2025-05-26,Climate & Environment,0,-1.0
2025-06-02,Climate & Environment,0,-1.0
2025-06-09,Climate & Environment,0,-1.0
2025-06-16,Climate & Environment,0,-1.0
2025-06-23,Climate & Environment,0,-1.0
2025-06-30,Climate & Environment,0,-1.0
2025-07-07,Climate & Environment,0,-1.0
2025-07-14,Climate & Environment,0,-1.0
2025-07-21,Climate & Environment,0,-1.0
2025-07-28,Climate & Environment,0,-1.0
2025-08-04,Climate & Environment,0,-1.0
2025-08-11,Climate & Environment,0,-1.0
2025-08-18,Climate & Environment,0,-1.0
2025-08-25,Climate & Environment,0,-1.0
2025-09-01,Climate & Environment,0,-1.0
2025-09-08,Climate & Environment,0,-1.0
2025-09-15,Climate & Environment,0,-1.0
2025-09-22,Climate & Environment,0,-1.0
2025-09-29,Climate & Environment,0,-1.0
2025-10-06,Climate & Environment,0,-1.0
2025-10-13,Climate & Environment,0,-1.0
2025-10-20,Climate & Environment,0,-1.0
2025-10-27,Climate & Environment,0,-1.0
2025-11-03,Climate & Environment,0,-1.0
2025-11-10,Climate & Environment,0,-1.0
2025-11-17,Climate & Environment,0,-1.0
2025-11-24,Climate & Environment,0,-1.0
2025-12-01,Climate & Environment,0,-1.0
2025-12-08,Climate & Environment,0,-1.0
2025-12-15,Climate & Environment,0,-1.0
2025-12-22,Climate & Environment,0,-1.0
2025-12-29,Climate & Environment,0,-1.0
2026-01-05,Climate & Environment,0,-1.0
2026-01-12,Climate & Environment,0,-1.0
2026-01-19,Climate & Environment,0,-1.0
2026-01-26,Climate & Environment,1,1.9999996400000435
2026-02-02,Climate & Environment,2,1.9999998800000047
2026-02-09,Climate & Environment,1,1.9999999100000028
2026-02-16,Climate & Environment,0,1.9999999100000028
2026-02-23,Climate & Environment,0,1.249999932500002
2026-03-02,Climate & Environment,0,-0.2500000224999993
2026-03-09,Climate & Environment,0,-1.0
2026-03-16,Climate & Environment,1,-0.40000001439999966
2026-03-23,Climate & Environment,0,-0.40000001439999966
2026-03-30,Climate & Environment,0,-0.40000001439999966
2026-04-06,Climate & Environment,0,-0.40000001439999966
2026-04-13,Climate & Environment,1,-0.5000000099999998
2026-04-20,Climate & Environment,0,-0.40000001439999966
2026-04-27,Climate & Environment,0,-3.999999842463353e-08
2026-05-04,Climate & Environment,0,0.49999991000000543
2026-05-11,Climate & Environment,0,-1.0
2026-05-18,Climate & Environment,0,-1.0
2026-05-25,Climate & Environment,0,-1.0
2026-06-01,Climate & Environment,0,-1.0
2026-06-08,Climate & Environment,0,-1.0
2026-06-15,Climate & Environment,0,-1.0
2026-06-22,Climate & Environment,0,-1.0
2026-06-29,Climate & Environment,0,-1.0
2022-10-03,Economics & Finance,0,
2022-10-10,Economics & Finance,0,
2022-10-17,Economics & Finance,0,
2022-10-24,Economics & Finance,0,
2022-10-31,Economics & Finance,0,
2022-11-07,Economics & Finance,0,
2022-11-14,Economics & Finance,0,
2022-11-21,Economics & Finance,0,
2022-11-28,Economics & Finance,0,
2022-12-05,Economics & Finance,0,
2022-12-12,Economics & Finance,0,
2022-12-19,Economics & Finance,0,-1.0
2022-12-26,Economics & Finance,0,-1.0
2023-01-02,Economics & Finance,0,-1.0
2023-01-09,Economics & Finance,0,-1.0
2023-01-16,Economics & Finance,0,-1.0
2023-01-23,Economics & Finance,0,-1.0
2023-01-30,Economics & Finance,0,-1.0
2023-02-06,Economics & Finance,0,-1.0
2023-02-13,Economics & Finance,0,-1.0
2023-02-20,Economics & Finance,0,-1.0
2023-02-27,Economics & Finance,0,-1.0
2023-03-06,Economics & Finance,0,-1.0
2023-03-13,Economics & Finance,0,-1.0
2023-03-20,Economics & Finance,0,-1.0
2023-03-27,Economics & Finance,0,-1.0
2023-04-03,Economics & Finance,0,-1.0
2023-04-10,Economics & Finance,0,-1.0
2023-04-17,Economics & Finance,0,-1.0
2023-04-24,Economics & Finance,0,-1.0
2023-05-01,Economics & Finance,0,-1.0
2023-05-08,Economics & Finance,0,-1.0
2023-05-15,Economics & Finance,0,-1.0
2023-05-22,Economics & Finance,0,-1.0
2023-05-29,Economics & Finance,0,-1.0
2023-06-05,Economics & Finance,0,-1.0
2023-06-12,Economics & Finance,0,-1.0
2023-06-19,Economics & Finance,0,-1.0
2023-06-26,Economics & Finance,0,-1.0
2023-07-03,Economics & Finance,0,-1.0
2023-07-10,Economics & Finance,0,-1.0
2023-07-17,Economics & Finance,0,-1.0
2023-07-24,Economics & Finance,0,-1.0
2023-07-31,Economics & Finance,0,-1.0
2023-08-07,Economics & Finance,0,-1.0
2023-08-14,Economics & Finance,0,-1.0
2023-08-21,Economics & Finance,0,-1.0
2023-08-28,Economics & Finance,0,-1.0
2023-09-04,Economics & Finance,0,-1.0
2023-09-11,Economics & Finance,0,-1.0
2023-09-18,Economics & Finance,0,-1.0
2023-09-25,Economics & Finance,1,1.9999996400000435
2023-10-02,Economics & Finance,0,1.9999996400000435
2023-10-09,Economics & Finance,0,1.9999996400000435
2023-10-16,Economics & Finance,0,1.9999996400000435
2023-10-23,Economics & Finance,1,0.49999991000000543
2023-10-30,Economics & Finance,0,0.49999991000000543
2023-11-06,Economics & Finance,0,0.49999991000000543
2023-11-13,Economics & Finance,0,0.49999991000000543
2023-11-20,Economics & Finance,0,-1.0
2023-11-27,Economics & Finance,0,-1.0
2023-12-04,Economics & Finance,0,-1.0
2023-12-11,Economics & Finance,0,-1.0
2023-12-18,Economics & Finance,0,-1.0
2023-12-25,Economics & Finance,0,-1.0
2024-01-01,Economics & Finance,0,-1.0
2024-01-08,Economics & Finance,0,-1.0
2024-01-15,Economics & Finance,0,-1.0
2024-01-22,Economics & Finance,0,-1.0
2024-01-29,Economics & Finance,0,-1.0
2024-02-05,Economics & Finance,0,-1.0
2024-02-12,Economics & Finance,0,-1.0
2024-02-19,Economics & Finance,0,-1.0
2024-02-26,Economics & Finance,0,-1.0
2024-03-04,Economics & Finance,0,-1.0
2024-03-11,Economics & Finance,0,-1.0
2024-03-18,Economics & Finance,0,-1.0
2024-03-25,Economics & Finance,0,-1.0
2024-04-01,Economics & Finance,0,-1.0
2024-04-08,Economics & Finance,0,-1.0
2024-04-15,Economics & Finance,0,-1.0
2024-04-22,Economics & Finance,0,-1.0
2024-04-29,Economics & Finance,0,-1.0
2024-05-06,Economics & Finance,0,-1.0
2024-05-13,Economics & Finance,0,-1.0
2024-05-20,Economics & Finance,0,-1.0
2024-05-27,Economics & Finance,0,-1.0
2024-06-03,Economics & Finance,0,-1.0
2024-06-10,Economics & Finance,0,-1.0
2024-06-17,Economics & Finance,0,-1.0
2024-06-24,Economics & Finance,0,-1.0
2024-07-01,Economics & Finance,0,-1.0
2024-07-08,Economics & Finance,0,-1.0
2024-07-15,Economics & Finance,0,-1.0
2024-07-22,Economics & Finance,0,-1.0
2024-07-29,Economics & Finance,0,-1.0
2024-08-05,Economics & Finance,0,-1.0
2024-08-12,Economics & Finance,0,-1.0
2024-08-19,Economics & Finance,0,-1.0
2024-08-26,Economics & Finance,0,-1.0
2024-09-02,Economics & Finance,0,-1.0
2024-09-09,Economics & Finance,0,-1.0
2024-09-16,Economics & Finance,0,-1.0
2024-09-23,Economics & Finance,0,-1.0
2024-09-30,Economics & Finance,0,-1.0
2024-10-07,Economics & Finance,0,-1.0
2024-10-14,Economics & Finance,0,-1.0
2024-10-21,Economics & Finance,0,-1.0
2024-10-28,Economics & Finance,0,-1.0
2024-11-04,Economics & Finance,1,1.9999996400000435
2024-11-11,Economics & Finance,0,1.9999996400000435
2024-11-18,Economics & Finance,0,1.9999996400000435
2024-11-25,Economics & Finance,1,1.9999998200000109
2024-12-02,Economics & Finance,0,0.49999991000000543
2024-12-09,Economics & Finance,0,0.49999991000000543
2024-12-16,Economics & Finance,0,0.49999991000000543
2024-12-23,Economics & Finance,0,-1.0
2024-12-30,Economics & Finance,0,-1.0
2025-01-06,Economics & Finance,0,-1.0
2025-01-13,Economics & Finance,0,-1.0
2025-01-20,Economics & Finance,0,-1.0
2025-01-27,Economics & Finance,0,-1.0
2025-02-03,Economics & Finance,0,-1.0
2025-02-10,Economics & Finance,0,-1.0
2025-02-17,Economics & Finance,0,-1.0
2025-02-24,Economics & Finance,0,-1.0
2025-03-03,Economics & Finance,0,-1.0
2025-03-10,Economics & Finance,0,-1.0
2025-03-17,Economics & Finance,0,-1.0
2025-03-24,Economics & Finance,0,-1.0
2025-03-31,Economics & Finance,0,-1.0
2025-04-07,Economics & Finance,0,-1.0
2025-04-14,Economics & Finance,0,-1.0
2025-04-21,Economics & Finance,0,-1.0
2025-04-28,Economics & Finance,0,-1.0
2025-05-05,Economics & Finance,0,-1.0
2025-05-12,Economics & Finance,0,-1.0
2025-05-19,Economics & Finance,0,-1.0
2025-05-26,Economics & Finance,0,-1.0
2025-06-02,Economics & Finance,0,-1.0
2025-06-09,Economics & Finance,0,-1.0
2025-06-16,Economics & Finance,0,-1.0
2025-06-23,Economics & Finance,0,-1.0
2025-06-30,Economics & Finance,0,-1.0
2025-07-07,Economics & Finance,0,-1.0
2025-07-14,Economics & Finance,0,-1.0
2025-07-21,Economics & Finance,0,-1.0
2025-07-28,Economics & Finance,0,-1.0
2025-08-04,Economics & Finance,0,-1.0
2025-08-11,Economics & Finance,0,-1.0
2025-08-18,Economics & Finance,0,-1.0
2025-08-25,Economics & Finance,0,-1.0
2025-09-01,Economics & Finance,0,-1.0
2025-09-08,Economics & Finance,0,-1.0
2025-09-15,Economics & Finance,0,-1.0
2025-09-22,Economics & Finance,0,-1.0
2025-09-29,Economics & Finance,0,-1.0
2025-10-06,Economics & Finance,0,-1.0
2025-10-13,Economics & Finance,0,-1.0
2025-10-20,Economics & Finance,0,-1.0
2025-10-27,Economics & Finance,0,-1.0
2025-11-03,Economics & Finance,0,-1.0
2025-11-10,Economics & Finance,0,-1.0
2025-11-17,Economics & Finance,0,-1.0
2025-11-24,Economics & Finance,0,-1.0
2025-12-01,Economics & Finance,0,-1.0
2025-12-08,Economics & Finance,0,-1.0
2025-12-15,Economics & Finance,0,-1.0
2025-12-22,Economics & Finance,0,-1.0
2025-12-29,Economics & Finance,0,-1.0
2026-01-05,Economics & Finance,0,-1.0
2026-01-12,Economics & Finance,0,-1.0
2026-01-19,Economics & Finance,0,-1.0
2026-01-26,Economics & Finance,0,-1.0
2026-02-02,Economics & Finance,0,-1.0
2026-02-09,Economics & Finance,2,1.9999998200000109
2026-02-16,Economics & Finance,1,1.9999998800000047
2026-02-23,Economics & Finance,1,1.9999999100000028
2026-03-02,Economics & Finance,0,1.9999999100000028
2026-03-09,Economics & Finance,0,0.4999999550000014
2026-03-16,Economics & Finance,1,0.19999997120000068
2026-03-23,Economics & Finance,0,-0.40000001439999966
2026-03-30,Economics & Finance,0,-0.40000001439999966
2026-04-06,Economics & Finance,0,-0.40000001439999966
2026-04-13,Economics & Finance,0,-1.0
2026-04-20,Economics & Finance,0,-1.0
2026-04-27,Economics & Finance,0,-1.0
2026-05-04,Economics & Finance,0,-1.0
2026-05-11,Economics & Finance,0,-1.0
2026-05-18,Economics & Finance,0,-1.0
2026-05-25,Economics & Finance,0,-1.0
2026-06-01,Economics & Finance,0,-1.0
2026-06-08,Economics & Finance,0,-1.0
2026-06-15,Economics & Finance,0,-1.0
2026-06-22,Economics & Finance,0,-1.0
2026-06-29,Economics & Finance,0,-1.0
2022-10-03,Education,0,
2022-10-10,Education,0,
2022-10-17,Education,0,
2022-10-24,Education,0,
2022-10-31,Education,0,
2022-11-07,Education,0,
2022-11-14,Education,0,
2022-11-21,Education,0,
2022-11-28,Education,0,
2022-12-05,Education,0,
2022-12-12,Education,0,
2022-12-19,Education,0,-1.0
2022-12-26,Education,0,-1.0
2023-01-02,Education,0,-1.0
2023-01-09,Education,0,-1.0
2023-01-16,Education,0,-1.0
2023-01-23,Education,2,1.9999998200000109
2023-01-30,Education,0,1.9999998200000109
2023-02-06,Education,0,1.9999998200000109
2023-02-13,Education,0,1.9999998200000109
2023-02-20,Education,0,-1.0
2023-02-27,Education,0,-1.0
2023-03-06,Education,0,-1.0
2023-03-13,Education,0,-1.0
2023-03-20,Education,1,-3.999999842463353e-08
2023-03-27,Education,0,-3.999999842463353e-08
2023-04-03,Education,0,-3.999999842463353e-08
2023-04-10,Education,0,-3.999999842463353e-08
2023-04-17,Education,0,-1.0
2023-04-24,Education,0,-1.0
2023-05-01,Education,0,-1.0
2023-05-08,Education,0,-1.0
2023-05-15,Education,0,-1.0
2023-05-22,Education,0,-1.0
2023-05-29,Education,0,-1.0
2023-06-05,Education,0,-1.0
2023-06-12,Education,0,-1.0
2023-06-19,Education,0,-1.0
2023-06-26,Education,0,-1.0
2023-07-03,Education,0,-1.0
2023-07-10,Education,0,-1.0
2023-07-17,Education,0,-1.0
2023-07-24,Education,0,-1.0
2023-07-31,Education,0,-1.0
2023-08-07,Education,0,-1.0
2023-08-14,Education,0,-1.0
2023-08-21,Education,0,-1.0
2023-08-28,Education,0,-1.0
2023-09-04,Education,0,-1.0
2023-09-11,Education,0,-1.0
2023-09-18,Education,0,-1.0
2023-09-25,Education,0,-1.0
2023-10-02,Education,0,-1.0
2023-10-09,Education,0,-1.0
2023-10-16,Education,0,-1.0
2023-10-23,Education,0,-1.0
2023-10-30,Education,0,-1.0
2023-11-06,Education,0,-1.0
2023-11-13,Education,0,-1.0
2023-11-20,Education,0,-1.0
2023-11-27,Education,0,-1.0
2023-12-04,Education,0,-1.0
2023-12-11,Education,0,-1.0
2023-12-18,Education,0,-1.0
2023-12-25,Education,0,-1.0
2024-01-01,Education,0,-1.0
2024-01-08,Education,0,-1.0
2024-01-15,Education,0,-1.0
2024-01-22,Education,0,-1.0
2024-01-29,Education,0,-1.0
2024-02-05,Education,0,-1.0
2024-02-12,Education,0,-1.0
2024-02-19,Education,0,-1.0
2024-02-26,Education,0,-1.0
2024-03-04,Education,0,-1.0
2024-03-11,Education,0,-1.0
2024-03-18,Education,0,-1.0
2024-03-25,Education,0,-1.0
2024-04-01,Education,0,-1.0
2024-04-08,Education,0,-1.0
2024-04-15,Education,0,-1.0
2024-04-22,Education,0,-1.0
2024-04-29,Education,0,-1.0
2024-05-06,Education,0,-1.0
2024-05-13,Education,0,-1.0
2024-05-20,Education,0,-1.0
2024-05-27,Education,0,-1.0
2024-06-03,Education,0,-1.0
2024-06-10,Education,0,-1.0
2024-06-17,Education,0,-1.0
2024-06-24,Education,0,-1.0
2024-07-01,Education,0,-1.0
2024-07-08,Education,0,-1.0
2024-07-15,Education,0,-1.0
2024-07-22,Education,0,-1.0
2024-07-29,Education,0,-1.0
2024-08-05,Education,0,-1.0
2024-08-12,Education,0,-1.0
2024-08-19,Education,0,-1.0
2024-08-26,Education,0,-1.0
2024-09-02,Education,0,-1.0
2024-09-09,Education,0,-1.0
2024-09-16,Education,0,-1.0
2024-09-23,Education,0,-1.0
2024-09-30,Education,0,-1.0
2024-10-07,Education,0,-1.0
2024-10-14,Education,0,-1.0
2024-10-21,Education,0,-1.0
2024-10-28,Education,0,-1.0
2024-11-04,Education,0,-1.0
2024-11-11,Education,0,-1.0
2024-11-18,Education,0,-1.0
2024-11-25,Education,0,-1.0
2024-12-02,Education,0,-1.0
2024-12-09,Education,1,1.9999996400000435
2024-12-16,Education,0,1.9999996400000435
2024-12-23,Education,0,1.9999996400000435
2024-12-30,Education,0,1.9999996400000435
2025-01-06,Education,0,-1.0
2025-01-13,Education,0,-1.0
2025-01-20,Education,0,-1.0
2025-01-27,Education,0,-1.0
2025-02-03,Education,0,-1.0
2025-02-10,Education,1,0.49999991000000543
2025-02-17,Education,0,0.49999991000000543
2025-02-24,Education,0,0.49999991000000543
2025-03-03,Education,0,1.9999996400000435
2025-03-10,Education,0,-1.0
2025-03-17,Education,0,-1.0
2025-03-24,Education,0,-1.0
2025-03-31,Education,0,-1.0
2025-04-07,Education,0,-1.0
2025-04-14,Education,0,-1.0
2025-04-21,Education,0,-1.0
2025-04-28,Education,0,-1.0
2025-05-05,Education,0,-1.0
2025-05-12,Education,0,-1.0
2025-05-19,Education,0,-1.0
2025-05-26,Education,0,-1.0
2025-06-02,Education,0,-1.0
2025-06-09,Education,0,-1.0
2025-06-16,Education,0,-1.0
2025-06-23,Education,0,-1.0
2025-06-30,Education,0,-1.0
2025-07-07,Education,0,-1.0
2025-07-14,Education,0,-1.0
2025-07-21,Education,0,-1.0
2025-07-28,Education,0,-1.0
2025-08-04,Education,0,-1.0
2025-08-11,Education,0,-1.0
2025-08-18,Education,0,-1.0
2025-08-25,Education,0,-1.0
2025-09-01,Education,0,-1.0
2025-09-08,Education,0,-1.0
2025-09-15,Education,0,-1.0
2025-09-22,Education,0,-1.0
2025-09-29,Education,0,-1.0
2025-10-06,Education,0,-1.0
2025-10-13,Education,0,-1.0
2025-10-20,Education,0,-1.0
2025-10-27,Education,0,-1.0
2025-11-03,Education,0,-1.0
2025-11-10,Education,0,-1.0
2025-11-17,Education,0,-1.0
2025-11-24,Education,0,-1.0
2025-12-01,Education,0,-1.0
2025-12-08,Education,0,-1.0
2025-12-15,Education,0,-1.0
2025-12-22,Education,0,-1.0
2025-12-29,Education,0,-1.0
2026-01-05,Education,0,-1.0
2026-01-12,Education,0,-1.0
2026-01-19,Education,0,-1.0
2026-01-26,Education,0,-1.0
2026-02-02,Education,1,1.9999996400000435
2026-02-09,Education,1,1.9999998200000109
2026-02-16,Education,0,1.9999998200000109
2026-02-23,Education,1,1.9999998800000047
2026-03-02,Education,0,0.9999999200000032
2026-03-09,Education,0,-3.999999842463353e-08
2026-03-16,Education,0,-3.999999842463353e-08
2026-03-23,Education,0,-1.0
2026-03-30,Education,0,-1.0
2026-04-06,Education,0,-1.0
2026-04-13,Education,0,-1.0
2026-04-20,Education,0,-1.0
2026-04-27,Education,0,-1.0
2026-05-04,Education,0,-1.0
2026-05-11,Education,0,-1.0
2026-05-18,Education,0,-1.0
2026-05-25,Education,0,-1.0
2026-06-01,Education,0,-1.0
2026-06-08,Education,0,-1.0
2026-06-15,Education,0,-1.0
2026-06-22,Education,0,-1.0
2026-06-29,Education,0,-1.0
2022-10-03,Film & Television,0,
2022-10-10,Film & Television,0,
2022-10-17,Film & Television,0,
2022-10-24,Film & Television,0,
2022-10-31,Film & Television,0,
2022-11-07,Film & Television,0,
2022-11-14,Film & Television,0,
2022-11-21,Film & Television,0,
2022-11-28,Film & Television,0,
2022-12-05,Film & Television,0,
2022-12-12,Film & Television,0,
2022-12-19,Film & Television,0,-1.0
2022-12-26,Film & Television,0,-1.0
2023-01-02,Film & Television,0,-1.0
2023-01-09,Film & Television,0,-1.0
2023-01-16,Film & Television,0,-1.0
2023-01-23,Film & Television,0,-1.0
2023-01-30,Film & Television,1,1.9999996400000435
2023-02-06,Film & Television,0,1.9999996400000435
2023-02-13,Film & Television,0,1.9999996400000435
2023-02-20,Film & Television,0,1.9999996400000435
2023-02-27,Film & Television,0,-1.0
2023-03-06,Film & Television,0,-1.0
2023-03-13,Film & Television,0,-1.0
2023-03-20,Film & Television,0,-1.0
2023-03-27,Film & Television,0,-1.0
2023-04-03,Film & Television,0,-1.0
2023-04-10,Film & Television,0,-1.0
2023-04-17,Film & Television,0,-1.0
2023-04-24,Film & Television,0,-1.0
2023-05-01,Film & Television,0,-1.0
2023-05-08,Film & Television,0,-1.0
2023-05-15,Film & Television,0,-1.0
2023-05-22,Film & Television,0,-1.0
2023-05-29,Film & Television,0,-1.0
2023-06-05,Film & Television,0,-1.0
2023-06-12,Film & Television,0,-1.0
2023-06-19,Film & Television,0,-1.0
2023-06-26,Film & Television,0,-1.0
2023-07-03,Film & Television,0,-1.0
2023-07-10,Film & Television,0,-1.0
2023-07-17,Film & Television,0,-1.0
2023-07-24,Film & Television,0,-1.0
2023-07-31,Film & Television,0,-1.0
2023-08-07,Film & Television,0,-1.0
2023-08-14,Film & Television,0,-1.0
2023-08-21,Film & Television,0,-1.0
2023-08-28,Film & Television,0,-1.0
2023-09-04,Film & Television,0,-1.0
2023-09-11,Film & Television,0,-1.0
2023-09-18,Film & Television,0,-1.0
2023-09-25,Film & Television,0,-1.0
2023-10-02,Film & Television,0,-1.0
2023-10-09,Film & Television,0,-1.0
2023-10-16,Film & Television,0,-1.0
2023-10-23,Film & Television,0,-1.0
2023-10-30,Film & Television,0,-1.0
2023-11-06,Film & Television,0,-1.0
2023-11-13,Film & Television,0,-1.0
2023-11-20,Film & Television,0,-1.0
2023-11-27,Film & Television,0,-1.0
2023-12-04,Film & Television,0,-1.0
2023-12-11,Film & Television,0,-1.0
2023-12-18,Film & Television,0,-1.0
2023-12-25,Film & Television,0,-1.0
2024-01-01,Film & Television,0,-1.0
2024-01-08,Film & Television,0,-1.0
2024-01-15,Film & Television,0,-1.0
2024-01-22,Film & Television,0,-1.0
2024-01-29,Film & Television,0,-1.0
2024-02-05,Film & Television,0,-1.0
2024-02-12,Film & Television,0,-1.0
2024-02-19,Film & Television,0,-1.0
2024-02-26,Film & Television,0,-1.0
2024-03-04,Film & Television,0,-1.0
2024-03-11,Film & Television,0,-1.0
2024-03-18,Film & Television,0,-1.0
2024-03-25,Film & Television,0,-1.0
2024-04-01,Film & Television,0,-1.0
2024-04-08,Film & Television,0,-1.0
2024-04-15,Film & Television,0,-1.0
2024-04-22,Film & Television,0,-1.0
2024-04-29,Film & Television,0,-1.0
2024-05-06,Film & Television,0,-1.0
2024-05-13,Film & Television,0,-1.0
2024-05-20,Film & Television,0,-1.0
2024-05-27,Film & Television,0,-1.0
2024-06-03,Film & Television,0,-1.0
2024-06-10,Film & Television,0,-1.0
2024-06-17,Film & Television,0,-1.0
2024-06-24,Film & Television,0,-1.0
2024-07-01,Film & Television,0,-1.0
2024-07-08,Film & Television,0,-1.0
2024-07-15,Film & Television,0,-1.0
2024-07-22,Film & Television,0,-1.0
2024-07-29,Film & Television,0,-1.0
2024-08-05,Film & Television,0,-1.0
2024-08-12,Film & Television,0,-1.0
2024-08-19,Film & Television,0,-1.0
2024-08-26,Film & Television,0,-1.0
2024-09-02,Film & Television,0,-1.0
2024-09-09,Film & Television,0,-1.0
2024-09-16,Film & Television,0,-1.0
2024-09-23,Film & Television,0,-1.0
2024-09-30,Film & Television,0,-1.0
2024-10-07,Film & Television,0,-1.0
2024-10-14,Film & Television,0,-1.0
2024-10-21,Film & Television,0,-1.0
2024-10-28,Film & Television,0,-1.0
2024-11-04,Film & Television,0,-1.0
2024-11-11,Film & Television,0,-1.0
2024-11-18,Film & Television,0,-1.0
2024-11-25,Film & Television,0,-1.0
2024-12-02,Film & Television,0,-1.0
2024-12-09,Film & Television,0,-1.0
2024-12-16,Film & Television,0,-1.0
2024-12-23,Film & Television,0,-1.0
2024-12-30,Film & Television,0,-1.0
2025-01-06,Film & Television,0,-1.0
2025-01-13,Film & Television,0,-1.0
2025-01-20,Film & Television,0,-1.0
2025-01-27,Film & Television,0,-1.0
2025-02-03,Film & Television,0,-1.0
2025-02-10,Film & Television,0,-1.0
2025-02-17,Film & Television,0,-1.0
2025-02-24,Film & Television,0,-1.0
2025-03-03,Film & Television,0,-1.0
2025-03-10,Film & Television,0,-1.0
2025-03-17,Film & Television,0,-1.0
2025-03-24,Film & Television,0,-1.0
2025-03-31,Film & Television,0,-1.0
2025-04-07,Film & Television,0,-1.0
2025-04-14,Film & Television,0,-1.0
2025-04-21,Film & Television,0,-1.0
2025-04-28,Film & Television,0,-1.0
2025-05-05,Film & Television,0,-1.0
2025-05-12,Film & Television,0,-1.0
2025-05-19,Film & Television,0,-1.0
2025-05-26,Film & Television,0,-1.0
2025-06-02,Film & Television,0,-1.0
2025-06-09,Film & Television,0,-1.0
2025-06-16,Film & Television,0,-1.0
2025-06-23,Film & Television,0,-1.0
2025-06-30,Film & Television,0,-1.0
2025-07-07,Film & Television,0,-1.0
2025-07-14,Film & Television,0,-1.0
2025-07-21,Film & Television,0,-1.0
2025-07-28,Film & Television,0,-1.0
2025-08-04,Film & Television,0,-1.0
2025-08-11,Film & Television,0,-1.0
2025-08-18,Film & Television,0,-1.0
2025-08-25,Film & Television,0,-1.0
2025-09-01,Film & Television,0,-1.0
2025-09-08,Film & Television,0,-1.0
2025-09-15,Film & Television,0,-1.0
2025-09-22,Film & Television,0,-1.0
2025-09-29,Film & Television,0,-1.0
2025-10-06,Film & Television,0,-1.0
2025-10-13,Film & Television,0,-1.0
2025-10-20,Film & Television,0,-1.0
2025-10-27,Film & Television,0,-1.0
2025-11-03,Film & Television,0,-1.0
2025-11-10,Film & Television,0,-1.0
2025-11-17,Film & Television,0,-1.0
2025-11-24,Film & Television,0,-1.0
2025-12-01,Film & Television,0,-1.0
2025-12-08,Film & Television,0,-1.0
2025-12-15,Film & Television,0,-1.0
2025-12-22,Film & Television,0,-1.0
2025-12-29,Film & Television,0,-1.0
2026-01-05,Film & Television,2,1.9999998200000109
2026-01-12,Film & Television,1,1.9999998800000047
2026-01-19,Film & Television,1,1.9999999100000028
2026-01-26,Film & Television,4,1.9999999550000007
2026-02-02,Film & Television,1,1.3333333022222225
2026-02-09,Film & Television,3,1.2499999775000004
2026-02-16,Film & Television,0,0.9999999800000003
2026-02-23,Film & Television,1,0.15384614319526646
2026-03-02,Film & Television,2,0.19999999040000005
2026-03-09,Film & Television,4,0.10526315091412752
2026-03-16,Film & Television,0,0.10526315091412752
2026-03-23,Film & Television,0,-0.05263158493074782
2026-03-30,Film & Television,0,-0.2941176520415225
2026-04-06,Film & Television,0,-1.0
2026-04-13,Film & Television,1,-0.81250000140625
2026-04-20,Film & Television,0,-0.7500000025
2026-04-27,Film & Television,0,-0.7272727302479338
2026-05-04,Film & Television,0,-0.6250000056249999
2026-05-11,Film & Television,0,-1.0
2026-05-18,Film & Television,0,-1.0
2026-05-25,Film & Television,0,-1.0
2026-06-01,Film & Television,0,-1.0
2026-06-08,Film & Television,0,-1.0
2026-06-15,Film & Television,0,-1.0
2026-06-22,Film & Television,0,-1.0
2026-06-29,Film & Television,0,-1.0
2022-10-03,Global Affairs & Geopolitics,0,
2022-10-10,Global Affairs & Geopolitics,0,
2022-10-17,Global Affairs & Geopolitics,0,
2022-10-24,Global Affairs & Geopolitics,0,
2022-10-31,Global Affairs & Geopolitics,0,
2022-11-07,Global Affairs & Geopolitics,0,
2022-11-14,Global Affairs & Geopolitics,0,
2022-11-21,Global Affairs & Geopolitics,0,
2022-11-28,Global Affairs & Geopolitics,0,
2022-12-05,Global Affairs & Geopolitics,1,
2022-12-12,Global Affairs & Geopolitics,0,
2022-12-19,Global Affairs & Geopolitics,0,1.9999996400000435
2022-12-26,Global Affairs & Geopolitics,0,1.9999996400000435
2023-01-02,Global Affairs & Geopolitics,0,-1.0
2023-01-09,Global Affairs & Geopolitics,0,-1.0
2023-01-16,Global Affairs & Geopolitics,0,-1.0
2023-01-23,Global Affairs & Geopolitics,0,-1.0
2023-01-30,Global Affairs & Geopolitics,0,-1.0
2023-02-06,Global Affairs & Geopolitics,0,-1.0
2023-02-13,Global Affairs & Geopolitics,1,0.49999991000000543
2023-02-20,Global Affairs & Geopolitics,0,0.49999991000000543
2023-02-27,Global Affairs & Geopolitics,0,1.9999996400000435
2023-03-06,Global Affairs & Geopolitics,0,1.9999996400000435
2023-03-13,Global Affairs & Geopolitics,0,-1.0
2023-03-20,Global Affairs & Geopolitics,0,-1.0
2023-03-27,Global Affairs & Geopolitics,0,-1.0
2023-04-03,Global Affairs & Geopolitics,0,-1.0
2023-04-10,Global Affairs & Geopolitics,0,-1.0
2023-04-17,Global Affairs & Geopolitics,0,-1.0
2023-04-24,Global Affairs & Geopolitics,0,-1.0
2023-05-01,Global Affairs & Geopolitics,0,-1.0
2023-05-08,Global Affairs & Geopolitics,0,-1.0
2023-05-15,Global Affairs & Geopolitics,0,-1.0
2023-05-22,Global Affairs & Geopolitics,0,-1.0
2023-05-29,Global Affairs & Geopolitics,0,-1.0
2023-06-05,Global Affairs & Geopolitics,0,-1.0
2023-06-12,Global Affairs & Geopolitics,0,-1.0
2023-06-19,Global Affairs & Geopolitics,0,-1.0
2023-06-26,Global Affairs & Geopolitics,0,-1.0
2023-07-03,Global Affairs & Geopolitics,0,-1.0
2023-07-10,Global Affairs & Geopolitics,0,-1.0
2023-07-17,Global Affairs & Geopolitics,0,-1.0
2023-07-24,Global Affairs & Geopolitics,0,-1.0
2023-07-31,Global Affairs & Geopolitics,0,-1.0
2023-08-07,Global Affairs & Geopolitics,0,-1.0
2023-08-14,Global Affairs & Geopolitics,0,-1.0
2023-08-21,Global Affairs & Geopolitics,0,-1.0
2023-08-28,Global Affairs & Geopolitics,0,-1.0
2023-09-04,Global Affairs & Geopolitics,0,-1.0
2023-09-11,Global Affairs & Geopolitics,0,-1.0
2023-09-18,Global Affairs & Geopolitics,0,-1.0
2023-09-25,Global Affairs & Geopolitics,0,-1.0
2023-10-02,Global Affairs & Geopolitics,0,-1.0
2023-10-09,Global Affairs & Geopolitics,0,-1.0
2023-10-16,Global Affairs & Geopolitics,0,-1.0
2023-10-23,Global Affairs & Geopolitics,0,-1.0
2023-10-30,Global Affairs & Geopolitics,0,-1.0
2023-11-06,Global Affairs & Geopolitics,0,-1.0
2023-11-13,Global Affairs & Geopolitics,0,-1.0
2023-11-20,Global Affairs & Geopolitics,0,-1.0
2023-11-27,Global Affairs & Geopolitics,0,-1.0
2023-12-04,Global Affairs & Geopolitics,0,-1.0
2023-12-11,Global Affairs & Geopolitics,0,-1.0
2023-12-18,Global Affairs & Geopolitics,0,-1.0
2023-12-25,Global Affairs & Geopolitics,0,-1.0
2024-01-01,Global Affairs & Geopolitics,0,-1.0
2024-01-08,Global Affairs & Geopolitics,0,-1.0
2024-01-15,Global Affairs & Geopolitics,0,-1.0
2024-01-22,Global Affairs & Geopolitics,0,-1.0
2024-01-29,Global Affairs & Geopolitics,0,-1.0
2024-02-05,Global Affairs & Geopolitics,0,-1.0
2024-02-12,Global Affairs & Geopolitics,0,-1.0
2024-02-19,Global Affairs & Geopolitics,0,-1.0
2024-02-26,Global Affairs & Geopolitics,0,-1.0
2024-03-04,Global Affairs & Geopolitics,0,-1.0
2024-03-11,Global Affairs & Geopolitics,0,-1.0
2024-03-18,Global Affairs & Geopolitics,0,-1.0
2024-03-25,Global Affairs & Geopolitics,0,-1.0
2024-04-01,Global Affairs & Geopolitics,0,-1.0
2024-04-08,Global Affairs & Geopolitics,0,-1.0
2024-04-15,Global Affairs & Geopolitics,0,-1.0
2024-04-22,Global Affairs & Geopolitics,0,-1.0
2024-04-29,Global Affairs & Geopolitics,0,-1.0
2024-05-06,Global Affairs & Geopolitics,0,-1.0
2024-05-13,Global Affairs & Geopolitics,0,-1.0
2024-05-20,Global Affairs & Geopolitics,0,-1.0
2024-05-27,Global Affairs & Geopolitics,0,-1.0
2024-06-03,Global Affairs & Geopolitics,0,-1.0
2024-06-10,Global Affairs & Geopolitics,0,-1.0
2024-06-17,Global Affairs & Geopolitics,0,-1.0
2024-06-24,Global Affairs & Geopolitics,0,-1.0
2024-07-01,Global Affairs & Geopolitics,0,-1.0
2024-07-08,Global Affairs & Geopolitics,0,-1.0
2024-07-15,Global Affairs & Geopolitics,0,-1.0
2024-07-22,Global Affairs & Geopolitics,0,-1.0
2024-07-29,Global Affairs & Geopolitics,0,-1.0
2024-08-05,Global Affairs & Geopolitics,0,-1.0
2024-08-12,Global Affairs & Geopolitics,0,-1.0
2024-08-19,Global Affairs & Geopolitics,0,-1.0
2024-08-26,Global Affairs & Geopolitics,0,-1.0
2024-09-02,Global Affairs & Geopolitics,0,-1.0
2024-09-09,Global Affairs & Geopolitics,0,-1.0
2024-09-16,Global Affairs & Geopolitics,0,-1.0
2024-09-23,Global Affairs & Geopolitics,0,-1.0
2024-09-30,Global Affairs & Geopolitics,0,-1.0
2024-10-07,Global Affairs & Geopolitics,0,-1.0
2024-10-14,Global Affairs & Geopolitics,0,-1.0
2024-10-21,Global Affairs & Geopolitics,0,-1.0
2024-10-28,Global Affairs & Geopolitics,0,-1.0
2024-11-04,Global Affairs & Geopolitics,1,1.9999996400000435
2024-11-11,Global Affairs & Geopolitics,0,1.9999996400000435
2024-11-18,Global Affairs & Geopolitics,0,1.9999996400000435
2024-11-25,Global Affairs & Geopolitics,2,1.9999998800000047
2024-12-02,Global Affairs & Geopolitics,0,0.9999999200000032
2024-12-09,Global Affairs & Geopolitics,0,0.9999999200000032
2024-12-16,Global Affairs & Geopolitics,0,0.9999999200000032
2024-12-23,Global Affairs & Geopolitics,1,-0.2500000224999993
2024-12-30,Global Affairs & Geopolitics,0,-0.2500000224999993
2025-01-06,Global Affairs & Geopolitics,0,-0.2500000224999993
2025-01-13,Global Affairs & Geopolitics,0,-0.2500000224999993
2025-01-20,Global Affairs & Geopolitics,0,-1.0
2025-01-27,Global Affairs & Geopolitics,0,-1.0
2025-02-03,Global Affairs & Geopolitics,0,-1.0
2025-02-10,Global Affairs & Geopolitics,0,-1.0
2025-02-17,Global Affairs & Geopolitics,0,-1.0
2025-02-24,Global Affairs & Geopolitics,0,-1.0
2025-03-03,Global Affairs & Geopolitics,0,-1.0
2025-03-10,Global Affairs & Geopolitics,0,-1.0
2025-03-17,Global Affairs & Geopolitics,0,-1.0
2025-03-24,Global Affairs & Geopolitics,0,-1.0
2025-03-31,Global Affairs & Geopolitics,0,-1.0
2025-04-07,Global Affairs & Geopolitics,0,-1.0
2025-04-14,Global Affairs & Geopolitics,0,-1.0
2025-04-21,Global Affairs & Geopolitics,0,-1.0
2025-04-28,Global Affairs & Geopolitics,0,-1.0
2025-05-05,Global Affairs & Geopolitics,0,-1.0
2025-05-12,Global Affairs & Geopolitics,0,-1.0
2025-05-19,Global Affairs & Geopolitics,0,-1.0
2025-05-26,Global Affairs & Geopolitics,0,-1.0
2025-06-02,Global Affairs & Geopolitics,0,-1.0
2025-06-09,Global Affairs & Geopolitics,0,-1.0
2025-06-16,Global Affairs & Geopolitics,0,-1.0
2025-06-23,Global Affairs & Geopolitics,0,-1.0
2025-06-30,Global Affairs & Geopolitics,0,-1.0
2025-07-07,Global Affairs & Geopolitics,0,-1.0
2025-07-14,Global Affairs & Geopolitics,0,-1.0
2025-07-21,Global Affairs & Geopolitics,0,-1.0
2025-07-28,Global Affairs & Geopolitics,0,-1.0
2025-08-04,Global Affairs & Geopolitics,0,-1.0
2025-08-11,Global Affairs & Geopolitics,0,-1.0
2025-08-18,Global Affairs & Geopolitics,0,-1.0
2025-08-25,Global Affairs & Geopolitics,0,-1.0
2025-09-01,Global Affairs & Geopolitics,0,-1.0
2025-09-08,Global Affairs & Geopolitics,0,-1.0
2025-09-15,Global Affairs & Geopolitics,0,-1.0
2025-09-22,Global Affairs & Geopolitics,0,-1.0
2025-09-29,Global Affairs & Geopolitics,0,-1.0
2025-10-06,Global Affairs & Geopolitics,0,-1.0
2025-10-13,Global Affairs & Geopolitics,0,-1.0
2025-10-20,Global Affairs & Geopolitics,0,-1.0
2025-10-27,Global Affairs & Geopolitics,0,-1.0
2025-11-03,Global Affairs & Geopolitics,0,-1.0
2025-11-10,Global Affairs & Geopolitics,0,-1.0
2025-11-17,Global Affairs & Geopolitics,0,-1.0
2025-11-24,Global Affairs & Geopolitics,0,-1.0
2025-12-01,Global Affairs & Geopolitics,0,-1.0
2025-12-08,Global Affairs & Geopolitics,0,-1.0
2025-12-15,Global Affairs & Geopolitics,0,-1.0
2025-12-22,Global Affairs & Geopolitics,0,-1.0
2025-12-29,Global Affairs & Geopolitics,0,-1.0
2026-01-05,Global Affairs & Geopolitics,1,1.9999996400000435
2026-01-12,Global Affairs & Geopolitics,0,1.9999996400000435
2026-01-19,Global Affairs & Geopolitics,0,1.9999996400000435
2026-01-26,Global Affairs & Geopolitics,1,1.9999998200000109
2026-02-02,Global Affairs & Geopolitics,0,0.49999991000000543
2026-02-09,Global Affairs & Geopolitics,4,1.4999999500000007
2026-02-16,Global Affairs & Geopolitics,0,1.4999999500000007
2026-02-23,Global Affairs & Geopolitics,3,1.3333333022222225
2026-03-02,Global Affairs & Geopolitics,1,1.3999999712000002
2026-03-09,Global Affairs & Geopolitics,0,0.1999999856000001
2026-03-16,Global Affairs & Geopolitics,0,0.1999999856000001
2026-03-23,Global Affairs & Geopolitics,0,-0.7000000036
2026-03-30,Global Affairs & Geopolitics,0,-1.0
2026-04-06,Global Affairs & Geopolitics,0,-1.0
2026-04-13,Global Affairs & Geopolitics,0,-1.0
2026-04-20,Global Affairs & Geopolitics,0,-1.0
2026-04-27,Global Affairs & Geopolitics,0,-1.0
2026-05-04,Global Affairs & Geopolitics,0,-1.0
2026-05-11,Global Affairs & Geopolitics,0,-1.0
2026-05-18,Global Affairs & Geopolitics,0,-1.0
2026-05-25,Global Affairs & Geopolitics,0,-1.0
2026-06-01,Global Affairs & Geopolitics,0,-1.0
2026-06-08,Global Affairs & Geopolitics,0,-1.0
2026-06-15,Global Affairs & Geopolitics,0,-1.0
2026-06-22,Global Affairs & Geopolitics,0,-1.0
2026-06-29,Global Affairs & Geopolitics,0,-1.0
2022-10-03,Health & Medicine,0,
2022-10-10,Health & Medicine,0,
2022-10-17,Health & Medicine,0,
2022-10-24,Health & Medicine,0,
2022-10-31,Health & Medicine,0,
2022-11-07,Health & Medicine,0,
2022-11-14,Health & Medicine,0,
2022-11-21,Health & Medicine,0,
2022-11-28,Health & Medicine,0,
2022-12-05,Health & Medicine,0,
2022-12-12,Health & Medicine,0,
2022-12-19,Health & Medicine,0,-1.0
2022-12-26,Health & Medicine,0,-1.0
2023-01-02,Health & Medicine,0,-1.0
2023-01-09,Health & Medicine,0,-1.0
2023-01-16,Health & Medicine,0,-1.0
2023-01-23,Health & Medicine,0,-1.0
2023-01-30,Health & Medicine,0,-1.0
2023-02-06,Health & Medicine,0,-1.0
2023-02-13,Health & Medicine,0,-1.0
2023-02-20,Health & Medicine,0,-1.0
2023-02-27,Health & Medicine,0,-1.0
2023-03-06,Health & Medicine,0,-1.0
2023-03-13,Health & Medicine,0,-1.0
2023-03-20,Health & Medicine,0,-1.0
2023-03-27,Health & Medicine,0,-1.0
2023-04-03,Health & Medicine,0,-1.0
2023-04-10,Health & Medicine,0,-1.0
2023-04-17,Health & Medicine,0,-1.0
2023-04-24,Health & Medicine,0,-1.0
2023-05-01,Health & Medicine,0,-1.0
2023-05-08,Health & Medicine,0,-1.0
2023-05-15,Health & Medicine,0,-1.0
2023-05-22,Health & Medicine,0,-1.0
2023-05-29,Health & Medicine,0,-1.0
2023-06-05,Health & Medicine,0,-1.0
2023-06-12,Health & Medicine,0,-1.0
2023-06-19,Health & Medicine,0,-1.0
2023-06-26,Health & Medicine,0,-1.0
2023-07-03,Health & Medicine,0,-1.0
2023-07-10,Health & Medicine,0,-1.0
2023-07-17,Health & Medicine,0,-1.0
2023-07-24,Health & Medicine,0,-1.0
2023-07-31,Health & Medicine,0,-1.0
2023-08-07,Health & Medicine,0,-1.0
2023-08-14,Health & Medicine,0,-1.0
2023-08-21,Health & Medicine,0,-1.0
2023-08-28,Health & Medicine,0,-1.0
2023-09-04,Health & Medicine,0,-1.0
2023-09-11,Health & Medicine,0,-1.0
2023-09-18,Health & Medicine,0,-1.0
2023-09-25,Health & Medicine,0,-1.0
2023-10-02,Health & Medicine,0,-1.0
2023-10-09,Health & Medicine,0,-1.0
2023-10-16,Health & Medicine,1,1.9999996400000435
2023-10-23,Health & Medicine,0,1.9999996400000435
2023-10-30,Health & Medicine,0,1.9999996400000435
2023-11-06,Health & Medicine,0,1.9999996400000435
2023-11-13,Health & Medicine,0,-1.0
2023-11-20,Health & Medicine,0,-1.0
2023-11-27,Health & Medicine,0,-1.0
2023-12-04,Health & Medicine,0,-1.0
2023-12-11,Health & Medicine,0,-1.0
2023-12-18,Health & Medicine,0,-1.0
2023-12-25,Health & Medicine,0,-1.0
2024-01-01,Health & Medicine,0,-1.0
2024-01-08,Health & Medicine,0,-1.0
2024-01-15,Health & Medicine,0,-1.0
2024-01-22,Health & Medicine,0,-1.0
2024-01-29,Health & Medicine,0,-1.0
2024-02-05,Health & Medicine,0,-1.0
2024-02-12,Health & Medicine,1,1.9999996400000435
2024-02-19,Health & Medicine,0,1.9999996400000435
2024-02-26,Health & Medicine,0,1.9999996400000435
2024-03-04,Health & Medicine,1,1.9999998200000109
2024-03-11,Health & Medicine,1,0.9999999200000032
2024-03-18,Health & Medicine,0,0.9999999200000032
2024-03-25,Health & Medicine,0,0.9999999200000032
2024-04-01,Health & Medicine,0,-3.999999842463353e-08
2024-04-08,Health & Medicine,0,-1.0
2024-04-15,Health & Medicine,0,-1.0
2024-04-22,Health & Medicine,0,-1.0
2024-04-29,Health & Medicine,0,-1.0
2024-05-06,Health & Medicine,0,-1.0
2024-05-13,Health & Medicine,0,-1.0
2024-05-20,Health & Medicine,0,-1.0
2024-05-27,Health & Medicine,0,-1.0
2024-06-03,Health & Medicine,0,-1.0
2024-06-10,Health & Medicine,0,-1.0
2024-06-17,Health & Medicine,0,-1.0
2024-06-24,Health & Medicine,0,-1.0
2024-07-01,Health & Medicine,0,-1.0
2024-07-08,Health & Medicine,0,-1.0
2024-07-15,Health & Medicine,0,-1.0
2024-07-22,Health & Medicine,0,-1.0
2024-07-29,Health & Medicine,0,-1.0
2024-08-05,Health & Medicine,0,-1.0
2024-08-12,Health & Medicine,0,-1.0
2024-08-19,Health & Medicine,0,-1.0
2024-08-26,Health & Medicine,0,-1.0
2024-09-02,Health & Medicine,0,-1.0
2024-09-09,Health & Medicine,0,-1.0
2024-09-16,Health & Medicine,0,-1.0
2024-09-23,Health & Medicine,0,-1.0
2024-09-30,Health & Medicine,0,-1.0
2024-10-07,Health & Medicine,0,-1.0
2024-10-14,Health & Medicine,0,-1.0
2024-10-21,Health & Medicine,0,-1.0
2024-10-28,Health & Medicine,0,-1.0
2024-11-04,Health & Medicine,0,-1.0
2024-11-11,Health & Medicine,0,-1.0
2024-11-18,Health & Medicine,0,-1.0
2024-11-25,Health & Medicine,1,1.9999996400000435
2024-12-02,Health & Medicine,0,1.9999996400000435
2024-12-09,Health & Medicine,0,1.9999996400000435
2024-12-16,Health & Medicine,1,1.9999998200000109
2024-12-23,Health & Medicine,1,0.9999999200000032
2024-12-30,Health & Medicine,0,0.9999999200000032
2025-01-06,Health & Medicine,0,0.9999999200000032
2025-01-13,Health & Medicine,0,-3.999999842463353e-08
2025-01-20,Health & Medicine,0,-1.0
2025-01-27,Health & Medicine,0,-1.0
2025-02-03,Health & Medicine,0,-1.0
2025-02-10,Health & Medicine,0,-1.0
2025-02-17,Health & Medicine,0,-1.0
2025-02-24,Health & Medicine,0,-1.0
2025-03-03,Health & Medicine,1,-3.999999842463353e-08
2025-03-10,Health & Medicine,1,0.9999999200000032
2025-03-17,Health & Medicine,0,1.9999998200000109
2025-03-24,Health & Medicine,0,1.9999998200000109
2025-03-31,Health & Medicine,0,0.49999991000000543
2025-04-07,Health & Medicine,0,-1.0
2025-04-14,Health & Medicine,0,-1.0
2025-04-21,Health & Medicine,0,-1.0
2025-04-28,Health & Medicine,0,-1.0
2025-05-05,Health & Medicine,0,-1.0
2025-05-12,Health & Medicine,0,-1.0
2025-05-19,Health & Medicine,0,-1.0
2025-05-26,Health & Medicine,0,-1.0
2025-06-02,Health & Medicine,0,-1.0
2025-06-09,Health & Medicine,0,-1.0
2025-06-16,Health & Medicine,0,-1.0
2025-06-23,Health & Medicine,0,-1.0
2025-06-30,Health & Medicine,0,-1.0
2025-07-07,Health & Medicine,0,-1.0
2025-07-14,Health & Medicine,0,-1.0
2025-07-21,Health & Medicine,0,-1.0
2025-07-28,Health & Medicine,0,-1.0
2025-08-04,Health & Medicine,0,-1.0
2025-08-11,Health & Medicine,0,-1.0
2025-08-18,Health & Medicine,0,-1.0
2025-08-25,Health & Medicine,0,-1.0
2025-09-01,Health & Medicine,0,-1.0
2025-09-08,Health & Medicine,0,-1.0
2025-09-15,Health & Medicine,0,-1.0
2025-09-22,Health & Medicine,0,-1.0
2025-09-29,Health & Medicine,0,-1.0
2025-10-06,Health & Medicine,0,-1.0
2025-10-13,Health & Medicine,0,-1.0
2025-10-20,Health & Medicine,0,-1.0
2025-10-27,Health & Medicine,0,-1.0
2025-11-03,Health & Medicine,0,-1.0
2025-11-10,Health & Medicine,0,-1.0
2025-11-17,Health & Medicine,0,-1.0
2025-11-24,Health & Medicine,0,-1.0
2025-12-01,Health & Medicine,0,-1.0
2025-12-08,Health & Medicine,0,-1.0
2025-12-15,Health & Medicine,0,-1.0
2025-12-22,Health & Medicine,0,-1.0
2025-12-29,Health & Medicine,0,-1.0
2026-01-05,Health & Medicine,0,-1.0
2026-01-12,Health & Medicine,0,-1.0
2026-01-19,Health & Medicine,0,-1.0
2026-01-26,Health & Medicine,0,-1.0
2026-02-02,Health & Medicine,0,-1.0
2026-02-09,Health & Medicine,2,1.9999998200000109
2026-02-16,Health & Medicine,0,1.9999998200000109
2026-02-23,Health & Medicine,1,1.9999998800000047
2026-03-02,Health & Medicine,0,1.9999998800000047
2026-03-09,Health & Medicine,0,-3.999999842463353e-08
2026-03-16,Health & Medicine,0,-3.999999842463353e-08
2026-03-23,Health & Medicine,0,-1.0
2026-03-30,Health & Medicine,0,-1.0
2026-04-06,Health & Medicine,0,-1.0
2026-04-13,Health & Medicine,0,-1.0
2026-04-20,Health & Medicine,0,-1.0
2026-04-27,Health & Medicine,0,-1.0
2026-05-04,Health & Medicine,0,-1.0
2026-05-11,Health & Medicine,0,-1.0
2026-05-18,Health & Medicine,0,-1.0
2026-05-25,Health & Medicine,0,-1.0
2026-06-01,Health & Medicine,0,-1.0
2026-06-08,Health & Medicine,0,-1.0
2026-06-15,Health & Medicine,0,-1.0
2026-06-22,Health & Medicine,0,-1.0
2026-06-29,Health & Medicine,0,-1.0
2022-10-03,"Lifestyle, Food & Travel",0,
2022-10-10,"Lifestyle, Food & Travel",0,
2022-10-17,"Lifestyle, Food & Travel",0,
2022-10-24,"Lifestyle, Food & Travel",0,
2022-10-31,"Lifestyle, Food & Travel",0,
2022-11-07,"Lifestyle, Food & Travel",0,
2022-11-14,"Lifestyle, Food & Travel",0,
2022-11-21,"Lifestyle, Food & Travel",0,
2022-11-28,"Lifestyle, Food & Travel",0,
2022-12-05,"Lifestyle, Food & Travel",0,
2022-12-12,"Lifestyle, Food & Travel",0,
2022-12-19,"Lifestyle, Food & Travel",0,-1.0
2022-12-26,"Lifestyle, Food & Travel",0,-1.0
2023-01-02,"Lifestyle, Food & Travel",0,-1.0
2023-01-09,"Lifestyle, Food & Travel",0,-1.0
2023-01-16,"Lifestyle, Food & Travel",0,-1.0
2023-01-23,"Lifestyle, Food & Travel",0,-1.0
2023-01-30,"Lifestyle, Food & Travel",0,-1.0
2023-02-06,"Lifestyle, Food & Travel",0,-1.0
2023-02-13,"Lifestyle, Food & Travel",0,-1.0
2023-02-20,"Lifestyle, Food & Travel",0,-1.0
2023-02-27,"Lifestyle, Food & Travel",0,-1.0
2023-03-06,"Lifestyle, Food & Travel",0,-1.0
2023-03-13,"Lifestyle, Food & Travel",0,-1.0
2023-03-20,"Lifestyle, Food & Travel",0,-1.0
2023-03-27,"Lifestyle, Food & Travel",0,-1.0
2023-04-03,"Lifestyle, Food & Travel",0,-1.0
2023-04-10,"Lifestyle, Food & Travel",0,-1.0
2023-04-17,"Lifestyle, Food & Travel",0,-1.0
2023-04-24,"Lifestyle, Food & Travel",0,-1.0
2023-05-01,"Lifestyle, Food & Travel",0,-1.0
2023-05-08,"Lifestyle, Food & Travel",0,-1.0
2023-05-15,"Lifestyle, Food & Travel",0,-1.0
2023-05-22,"Lifestyle, Food & Travel",0,-1.0
2023-05-29,"Lifestyle, Food & Travel",0,-1.0
2023-06-05,"Lifestyle, Food & Travel",0,-1.0
2023-06-12,"Lifestyle, Food & Travel",0,-1.0
2023-06-19,"Lifestyle, Food & Travel",0,-1.0
2023-06-26,"Lifestyle, Food & Travel",0,-1.0
2023-07-03,"Lifestyle, Food & Travel",0,-1.0
2023-07-10,"Lifestyle, Food & Travel",0,-1.0
2023-07-17,"Lifestyle, Food & Travel",0,-1.0
2023-07-24,"Lifestyle, Food & Travel",0,-1.0
2023-07-31,"Lifestyle, Food & Travel",0,-1.0
2023-08-07,"Lifestyle, Food & Travel",0,-1.0
2023-08-14,"Lifestyle, Food & Travel",0,-1.0
2023-08-21,"Lifestyle, Food & Travel",0,-1.0
2023-08-28,"Lifestyle, Food & Travel",0,-1.0
2023-09-04,"Lifestyle, Food & Travel",0,-1.0
2023-09-11,"Lifestyle, Food & Travel",0,-1.0
2023-09-18,"Lifestyle, Food & Travel",0,-1.0
2023-09-25,"Lifestyle, Food & Travel",0,-1.0
2023-10-02,"Lifestyle, Food & Travel",0,-1.0
2023-10-09,"Lifestyle, Food & Travel",0,-1.0
2023-10-16,"Lifestyle, Food & Travel",0,-1.0
2023-10-23,"Lifestyle, Food & Travel",0,-1.0
2023-10-30,"Lifestyle, Food & Travel",0,-1.0
2023-11-06,"Lifestyle, Food & Travel",0,-1.0
2023-11-13,"Lifestyle, Food & Travel",0,-1.0
2023-11-20,"Lifestyle, Food & Travel",0,-1.0
2023-11-27,"Lifestyle, Food & Travel",0,-1.0
2023-12-04,"Lifestyle, Food & Travel",0,-1.0
2023-12-11,"Lifestyle, Food & Travel",0,-1.0
2023-12-18,"Lifestyle, Food & Travel",0,-1.0
2023-12-25,"Lifestyle, Food & Travel",0,-1.0
2024-01-01,"Lifestyle, Food & Travel",0,-1.0
2024-01-08,"Lifestyle, Food & Travel",0,-1.0
2024-01-15,"Lifestyle, Food & Travel",0,-1.0
2024-01-22,"Lifestyle, Food & Travel",0,-1.0
2024-01-29,"Lifestyle, Food & Travel",1,1.9999996400000435
2024-02-05,"Lifestyle, Food & Travel",0,1.9999996400000435
2024-02-12,"Lifestyle, Food & Travel",0,1.9999996400000435
2024-02-19,"Lifestyle, Food & Travel",0,1.9999996400000435
2024-02-26,"Lifestyle, Food & Travel",0,-1.0
2024-03-04,"Lifestyle, Food & Travel",0,-1.0
2024-03-11,"Lifestyle, Food & Travel",0,-1.0
2024-03-18,"Lifestyle, Food & Travel",0,-1.0
2024-03-25,"Lifestyle, Food & Travel",0,-1.0
2024-04-01,"Lifestyle, Food & Travel",0,-1.0
2024-04-08,"Lifestyle, Food & Travel",0,-1.0
2024-04-15,"Lifestyle, Food & Travel",0,-1.0
2024-04-22,"Lifestyle, Food & Travel",0,-1.0
2024-04-29,"Lifestyle, Food & Travel",0,-1.0
2024-05-06,"Lifestyle, Food & Travel",0,-1.0
2024-05-13,"Lifestyle, Food & Travel",0,-1.0
2024-05-20,"Lifestyle, Food & Travel",0,-1.0
2024-05-27,"Lifestyle, Food & Travel",0,-1.0
2024-06-03,"Lifestyle, Food & Travel",0,-1.0
2024-06-10,"Lifestyle, Food & Travel",0,-1.0
2024-06-17,"Lifestyle, Food & Travel",0,-1.0
2024-06-24,"Lifestyle, Food & Travel",0,-1.0
2024-07-01,"Lifestyle, Food & Travel",0,-1.0
2024-07-08,"Lifestyle, Food & Travel",0,-1.0
2024-07-15,"Lifestyle, Food & Travel",0,-1.0
2024-07-22,"Lifestyle, Food & Travel",0,-1.0
2024-07-29,"Lifestyle, Food & Travel",0,-1.0
2024-08-05,"Lifestyle, Food & Travel",0,-1.0
2024-08-12,"Lifestyle, Food & Travel",0,-1.0
2024-08-19,"Lifestyle, Food & Travel",0,-1.0
2024-08-26,"Lifestyle, Food & Travel",0,-1.0
2024-09-02,"Lifestyle, Food & Travel",0,-1.0
2024-09-09,"Lifestyle, Food & Travel",0,-1.0
2024-09-16,"Lifestyle, Food & Travel",0,-1.0
2024-09-23,"Lifestyle, Food & Travel",0,-1.0
2024-09-30,"Lifestyle, Food & Travel",0,-1.0
2024-10-07,"Lifestyle, Food & Travel",0,-1.0
2024-10-14,"Lifestyle, Food & Travel",0,-1.0
2024-10-21,"Lifestyle, Food & Travel",0,-1.0
2024-10-28,"Lifestyle, Food & Travel",0,-1.0
2024-11-04,"Lifestyle, Food & Travel",0,-1.0
2024-11-11,"Lifestyle, Food & Travel",0,-1.0
2024-11-18,"Lifestyle, Food & Travel",0,-1.0
2024-11-25,"Lifestyle, Food & Travel",0,-1.0
2024-12-02,"Lifestyle, Food & Travel",0,-1.0
2024-12-09,"Lifestyle, Food & Travel",0,-1.0
2024-12-16,"Lifestyle, Food & Travel",0,-1.0
2024-12-23,"Lifestyle, Food & Travel",0,-1.0
2024-12-30,"Lifestyle, Food & Travel",0,-1.0
2025-01-06,"Lifestyle, Food & Travel",0,-1.0
2025-01-13,"Lifestyle, Food & Travel",0,-1.0
2025-01-20,"Lifestyle, Food & Travel",0,-1.0
2025-01-27,"Lifestyle, Food & Travel",0,-1.0
2025-02-03,"Lifestyle, Food & Travel",0,-1.0
2025-02-10,"Lifestyle, Food & Travel",0,-1.0
2025-02-17,"Lifestyle, Food & Travel",0,-1.0
2025-02-24,"Lifestyle, Food & Travel",0,-1.0
2025-03-03,"Lifestyle, Food & Travel",0,-1.0
2025-03-10,"Lifestyle, Food & Travel",0,-1.0
2025-03-17,"Lifestyle, Food & Travel",0,-1.0
2025-03-24,"Lifestyle, Food & Travel",0,-1.0
2025-03-31,"Lifestyle, Food & Travel",0,-1.0
2025-04-07,"Lifestyle, Food & Travel",0,-1.0
2025-04-14,"Lifestyle, Food & Travel",0,-1.0
2025-04-21,"Lifestyle, Food & Travel",0,-1.0
2025-04-28,"Lifestyle, Food & Travel",0,-1.0
2025-05-05,"Lifestyle, Food & Travel",0,-1.0
2025-05-12,"Lifestyle, Food & Travel",0,-1.0
2025-05-19,"Lifestyle, Food & Travel",0,-1.0
2025-05-26,"Lifestyle, Food & Travel",0,-1.0
2025-06-02,"Lifestyle, Food & Travel",0,-1.0
2025-06-09,"Lifestyle, Food & Travel",0,-1.0
2025-06-16,"Lifestyle, Food & Travel",0,-1.0
2025-06-23,"Lifestyle, Food & Travel",0,-1.0
2025-06-30,"Lifestyle, Food & Travel",0,-1.0
2025-07-07,"Lifestyle, Food & Travel",0,-1.0
2025-07-14,"Lifestyle, Food & Travel",0,-1.0
2025-07-21,"Lifestyle, Food & Travel",0,-1.0
2025-07-28,"Lifestyle, Food & Travel",0,-1.0
2025-08-04,"Lifestyle, Food & Travel",0,-1.0
2025-08-11,"Lifestyle, Food & Travel",0,-1.0
2025-08-18,"Lifestyle, Food & Travel",0,-1.0
2025-08-25,"Lifestyle, Food & Travel",0,-1.0
2025-09-01,"Lifestyle, Food & Travel",0,-1.0
2025-09-08,"Lifestyle, Food & Travel",0,-1.0
2025-09-15,"Lifestyle, Food & Travel",0,-1.0
2025-09-22,"Lifestyle, Food & Travel",0,-1.0
2025-09-29,"Lifestyle, Food & Travel",0,-1.0
2025-10-06,"Lifestyle, Food & Travel",0,-1.0
2025-10-13,"Lifestyle, Food & Travel",0,-1.0
2025-10-20,"Lifestyle, Food & Travel",0,-1.0
2025-10-27,"Lifestyle, Food & Travel",0,-1.0
2025-11-03,"Lifestyle, Food & Travel",0,-1.0
2025-11-10,"Lifestyle, Food & Travel",0,-1.0
2025-11-17,"Lifestyle, Food & Travel",0,-1.0
2025-11-24,"Lifestyle, Food & Travel",0,-1.0
2025-12-01,"Lifestyle, Food & Travel",0,-1.0
2025-12-08,"Lifestyle, Food & Travel",0,-1.0
2025-12-15,"Lifestyle, Food & Travel",0,-1.0
2025-12-22,"Lifestyle, Food & Travel",0,-1.0
2025-12-29,"Lifestyle, Food & Travel",0,-1.0
2026-01-05,"Lifestyle, Food & Travel",1,1.9999996400000435
2026-01-12,"Lifestyle, Food & Travel",1,1.9999998200000109
2026-01-19,"Lifestyle, Food & Travel",0,1.9999998200000109
2026-01-26,"Lifestyle, Food & Travel",1,1.9999998800000047
2026-02-02,"Lifestyle, Food & Travel",2,1.3999999424000014
2026-02-09,"Lifestyle, Food & Travel",3,1.2499999662500003
2026-02-16,"Lifestyle, Food & Travel",1,1.3333333022222225
2026-02-23,"Lifestyle, Food & Travel",4,1.307692286390533
2026-03-02,"Lifestyle, Food & Travel",0,0.8461538291124264
2026-03-09,"Lifestyle, Food & Travel",3,0.4999999887500002
2026-03-16,"Lifestyle, Food & Travel",1,0.41176469591695497
2026-03-23,"Lifestyle, Food & Travel",0,-0.2941176520415225
2026-03-30,"Lifestyle, Food & Travel",2,-6.666666552135325e-09
2026-04-06,"Lifestyle, Food & Travel",0,-0.4705882390311419
2026-04-13,"Lifestyle, Food & Travel",0,-0.6470588260207613
2026-04-20,"Lifestyle, Food & Travel",0,-0.6250000028125
2026-04-27,"Lifestyle, Food & Travel",0,-1.0
2026-05-04,"Lifestyle, Food & Travel",0,-1.0
2026-05-11,"Lifestyle, Food & Travel",0,-1.0
2026-05-18,"Lifestyle, Food & Travel",0,-1.0
2026-05-25,"Lifestyle, Food & Travel",0,-1.0
2026-06-01,"Lifestyle, Food & Travel",0,-1.0
2026-06-08,"Lifestyle, Food & Travel",0,-1.0
2026-06-15,"Lifestyle, Food & Travel",0,-1.0
2026-06-22,"Lifestyle, Food & Travel",0,-1.0
2026-06-29,"Lifestyle, Food & Travel",0,-1.0
2022-10-03,Middle East & Global Conflict,0,
2022-10-10,Middle East & Global Conflict,0,
2022-10-17,Middle East & Global Conflict,0,
2022-10-24,Middle East & Global Conflict,0,
2022-10-31,Middle East & Global Conflict,0,
2022-11-07,Middle East & Global Conflict,0,
2022-11-14,Middle East & Global Conflict,0,
2022-11-21,Middle East & Global Conflict,0,
2022-11-28,Middle East & Global Conflict,0,
2022-12-05,Middle East & Global Conflict,0,
2022-12-12,Middle East & Global Conflict,0,
2022-12-19,Middle East & Global Conflict,0,-1.0
2022-12-26,Middle East & Global Conflict,0,-1.0
2023-01-02,Middle East & Global Conflict,0,-1.0
2023-01-09,Middle East & Global Conflict,0,-1.0
2023-01-16,Middle East & Global Conflict,0,-1.0
2023-01-23,Middle East & Global Conflict,0,-1.0
2023-01-30,Middle East & Global Conflict,0,-1.0
2023-02-06,Middle East & Global Conflict,0,-1.0
2023-02-13,Middle East & Global Conflict,0,-1.0
2023-02-20,Middle East & Global Conflict,0,-1.0
2023-02-27,Middle East & Global Conflict,0,-1.0
2023-03-06,Middle East & Global Conflict,0,-1.0
2023-03-13,Middle East & Global Conflict,0,-1.0
2023-03-20,Middle East & Global Conflict,0,-1.0
2023-03-27,Middle East & Global Conflict,0,-1.0
2023-04-03,Middle East & Global Conflict,0,-1.0
2023-04-10,Middle East & Global Conflict,0,-1.0
2023-04-17,Middle East & Global Conflict,0,-1.0
2023-04-24,Middle East & Global Conflict,0,-1.0
2023-05-01,Middle East & Global Conflict,0,-1.0
2023-05-08,Middle East & Global Conflict,0,-1.0
2023-05-15,Middle East & Global Conflict,0,-1.0
2023-05-22,Middle East & Global Conflict,0,-1.0
2023-05-29,Middle East & Global Conflict,0,-1.0
2023-06-05,Middle East & Global Conflict,0,-1.0
2023-06-12,Middle East & Global Conflict,0,-1.0
2023-06-19,Middle East & Global Conflict,0,-1.0
2023-06-26,Middle East & Global Conflict,0,-1.0
2023-07-03,Middle East & Global Conflict,0,-1.0
2023-07-10,Middle East & Global Conflict,0,-1.0
2023-07-17,Middle East & Global Conflict,0,-1.0
2023-07-24,Middle East & Global Conflict,0,-1.0
2023-07-31,Middle East & Global Conflict,0,-1.0
2023-08-07,Middle East & Global Conflict,0,-1.0
2023-08-14,Middle East & Global Conflict,0,-1.0
2023-08-21,Middle East & Global Conflict,0,-1.0
2023-08-28,Middle East & Global Conflict,0,-1.0
2023-09-04,Middle East & Global Conflict,0,-1.0
2023-09-11,Middle East & Global Conflict,0,-1.0
2023-09-18,Middle East & Global Conflict,0,-1.0
2023-09-25,Middle East & Global Conflict,0,-1.0
2023-10-02,Middle East & Global Conflict,0,-1.0
2023-10-09,Middle East & Global Conflict,0,-1.0
2023-10-16,Middle East & Global Conflict,1,1.9999996400000435
2023-10-23,Middle East & Global Conflict,0,1.9999996400000435
2023-10-30,Middle East & Global Conflict,0,1.9999996400000435
2023-11-06,Middle East & Global Conflict,1,1.9999998200000109
2023-11-13,Middle East & Global Conflict,0,0.49999991000000543
2023-11-20,Middle East & Global Conflict,1,0.9999999200000032
2023-11-27,Middle East & Global Conflict,0,0.9999999200000032
2023-12-04,Middle East & Global Conflict,0,-3.999999842463353e-08
2023-12-11,Middle East & Global Conflict,0,-3.999999842463353e-08
2023-12-18,Middle East & Global Conflict,0,-1.0
2023-12-25,Middle East & Global Conflict,0,-1.0
2024-01-01,Middle East & Global Conflict,0,-1.0
2024-01-08,Middle East & Global Conflict,0,-1.0
2024-01-15,Middle East & Global Conflict,0,-1.0
2024-01-22,Middle East & Global Conflict,0,-1.0
2024-01-29,Middle East & Global Conflict,0,-1.0
2024-02-05,Middle East & Global Conflict,1,0.49999991000000543
2024-02-12,Middle East & Global Conflict,1,1.9999998200000109
2024-02-19,Middle East & Global Conflict,0,1.9999998200000109
2024-02-26,Middle East & Global Conflict,0,1.9999998200000109
2024-03-04,Middle East & Global Conflict,0,0.49999991000000543
2024-03-11,Middle East & Global Conflict,0,-1.0
2024-03-18,Middle East & Global Conflict,0,-1.0
2024-03-25,Middle East & Global Conflict,0,-1.0
2024-04-01,Middle East & Global Conflict,0,-1.0
2024-04-08,Middle East & Global Conflict,0,-1.0
2024-04-15,Middle East & Global Conflict,0,-1.0
2024-04-22,Middle East & Global Conflict,0,-1.0
2024-04-29,Middle East & Global Conflict,0,-1.0
2024-05-06,Middle East & Global Conflict,0,-1.0
2024-05-13,Middle East & Global Conflict,0,-1.0
2024-05-20,Middle East & Global Conflict,0,-1.0
2024-05-27,Middle East & Global Conflict,0,-1.0
2024-06-03,Middle East & Global Conflict,0,-1.0
2024-06-10,Middle East & Global Conflict,0,-1.0
2024-06-17,Middle East & Global Conflict,0,-1.0
2024-06-24,Middle East & Global Conflict,0,-1.0
2024-07-01,Middle East & Global Conflict,0,-1.0
2024-07-08,Middle East & Global Conflict,0,-1.0
2024-07-15,Middle East & Global Conflict,0,-1.0
2024-07-22,Middle East & Global Conflict,0,-1.0
2024-07-29,Middle East & Global Conflict,0,-1.0
2024-08-05,Middle East & Global Conflict,0,-1.0
2024-08-12,Middle East & Global Conflict,0,-1.0
2024-08-19,Middle East & Global Conflict,0,-1.0
2024-08-26,Middle East & Global Conflict,0,-1.0
2024-09-02,Middle East & Global Conflict,0,-1.0
2024-09-09,Middle East & Global Conflict,0,-1.0
2024-09-16,Middle East & Global Conflict,0,-1.0
2024-09-23,Middle East & Global Conflict,0,-1.0
2024-09-30,Middle East & Global Conflict,0,-1.0
2024-10-07,Middle East & Global Conflict,0,-1.0
2024-10-14,Middle East & Global Conflict,0,-1.0
2024-10-21,Middle East & Global Conflict,0,-1.0
2024-10-28,Middle East & Global Conflict,0,-1.0
2024-11-04,Middle East & Global Conflict,0,-1.0
2024-11-11,Middle East & Global Conflict,0,-1.0
2024-11-18,Middle East & Global Conflict,0,-1.0
2024-11-25,Middle East & Global Conflict,0,-1.0
2024-12-02,Middle East & Global Conflict,0,-1.0
2024-12-09,Middle East & Global Conflict,0,-1.0
2024-12-16,Middle East & Global Conflict,0,-1.0
2024-12-23,Middle East & Global Conflict,1,1.9999996400000435
2024-12-30,Middle East & Global Conflict,0,1.9999996400000435
2025-01-06,Middle East & Global Conflict,0,1.9999996400000435
2025-01-13,Middle East & Global Conflict,0,1.9999996400000435
2025-01-20,Middle East & Global Conflict,0,-1.0
2025-01-27,Middle East & Global Conflict,0,-1.0
2025-02-03,Middle East & Global Conflict,0,-1.0
2025-02-10,Middle East & Global Conflict,0,-1.0
2025-02-17,Middle East & Global Conflict,0,-1.0
2025-02-24,Middle East & Global Conflict,0,-1.0
2025-03-03,Middle East & Global Conflict,0,-1.0
2025-03-10,Middle East & Global Conflict,0,-1.0
2025-03-17,Middle East & Global Conflict,0,-1.0
2025-03-24,Middle East & Global Conflict,0,-1.0
2025-03-31,Middle East & Global Conflict,0,-1.0
2025-04-07,Middle East & Global Conflict,0,-1.0
2025-04-14,Middle East & Global Conflict,0,-1.0
2025-04-21,Middle East & Global Conflict,0,-1.0
2025-04-28,Middle East & Global Conflict,0,-1.0
2025-05-05,Middle East & Global Conflict,0,-1.0
2025-05-12,Middle East & Global Conflict,0,-1.0
2025-05-19,Middle East & Global Conflict,0,-1.0
2025-05-26,Middle East & Global Conflict,0,-1.0
2025-06-02,Middle East & Global Conflict,0,-1.0
2025-06-09,Middle East & Global Conflict,0,-1.0
2025-06-16,Middle East & Global Conflict,0,-1.0
2025-06-23,Middle East & Global Conflict,0,-1.0
2025-06-30,Middle East & Global Conflict,0,-1.0
2025-07-07,Middle East & Global Conflict,0,-1.0
2025-07-14,Middle East & Global Conflict,0,-1.0
2025-07-21,Middle East & Global Conflict,0,-1.0
2025-07-28,Middle East & Global Conflict,0,-1.0
2025-08-04,Middle East & Global Conflict,0,-1.0
2025-08-11,Middle East & Global Conflict,0,-1.0
2025-08-18,Middle East & Global Conflict,0,-1.0
2025-08-25,Middle East & Global Conflict,0,-1.0
2025-09-01,Middle East & Global Conflict,0,-1.0
2025-09-08,Middle East & Global Conflict,0,-1.0
2025-09-15,Middle East & Global Conflict,0,-1.0
2025-09-22,Middle East & Global Conflict,0,-1.0
2025-09-29,Middle East & Global Conflict,0,-1.0
2025-10-06,Middle East & Global Conflict,0,-1.0
2025-10-13,Middle East & Global Conflict,0,-1.0
2025-10-20,Middle East & Global Conflict,0,-1.0
2025-10-27,Middle East & Global Conflict,0,-1.0
2025-11-03,Middle East & Global Conflict,0,-1.0
2025-11-10,Middle East & Global Conflict,0,-1.0
2025-11-17,Middle East & Global Conflict,0,-1.0
2025-11-24,Middle East & Global Conflict,0,-1.0
2025-12-01,Middle East & Global Conflict,0,-1.0
2025-12-08,Middle East & Global Conflict,0,-1.0
2025-12-15,Middle East & Global Conflict,0,-1.0
2025-12-22,Middle East & Global Conflict,0,-1.0
2025-12-29,Middle East & Global Conflict,0,-1.0
2026-01-05,Middle East & Global Conflict,2,1.9999998200000109
2026-01-12,Middle East & Global Conflict,0,1.9999998200000109
2026-01-19,Middle East & Global Conflict,2,1.9999999100000028
2026-01-26,Middle East & Global Conflict,0,1.9999999100000028
2026-02-02,Middle East & Global Conflict,1,0.7999999568000009
2026-02-09,Middle East & Global Conflict,2,1.1428571061224493
2026-02-16,Middle East & Global Conflict,1,0.49999997750000036
2026-02-23,Middle East & Global Conflict,1,0.6666666444444447
2026-03-02,Middle East & Global Conflict,1,0.49999998200000006
2026-03-09,Middle East & Global Conflict,2,0.2499999875000003
2026-03-16,Middle East & Global Conflict,1,0.15384614319526646
2026-03-23,Middle East & Global Conflict,0,-0.07692308544378679
2026-03-30,Middle East & Global Conflict,0,-0.18181819074380157
2026-04-06,Middle East & Global Conflict,0,-0.7272727302479338
2026-04-13,Middle East & Global Conflict,0,-1.0
2026-04-20,Middle East & Global Conflict,0,-1.0
2026-04-27,Middle East & Global Conflict,0,-1.0
2026-05-04,Middle East & Global Conflict,0,-1.0
2026-05-11,Middle East & Global Conflict,0,-1.0
2026-05-18,Middle East & Global Conflict,0,-1.0
2026-05-25,Middle East & Global Conflict,0,-1.0
2026-06-01,Middle East & Global Conflict,0,-1.0
2026-06-08,Middle East & Global Conflict,0,-1.0
2026-06-15,Middle East & Global Conflict,0,-1.0
2026-06-22,Middle East & Global Conflict,0,-1.0
2026-06-29,Middle East & Global Conflict,0,-1.0
2022-10-03,Science & Technology,0,
2022-10-10,Science & Technology,0,
2022-10-17,Science & Technology,0,
2022-10-24,Science & Technology,0,
2022-10-31,Science & Technology,0,
2022-11-07,Science & Technology,0,
2022-11-14,Science & Technology,1,
2022-11-21,Science & Technology,0,
2022-11-28,Science & Technology,0,
2022-12-05,Science & Technology,1,
2022-12-12,Science & Technology,0,
2022-12-19,Science & Technology,0,0.49999991000000543
2022-12-26,Science & Technology,0,0.49999991000000543
2023-01-02,Science & Technology,0,-1.0
2023-01-09,Science & Technology,0,-1.0
2023-01-16,Science & Technology,0,-1.0
2023-01-23,Science & Technology,0,-1.0
2023-01-30,Science & Technology,0,-1.0
2023-02-06,Science & Technology,0,-1.0
2023-02-13,Science & Technology,0,-1.0
2023-02-20,Science & Technology,0,-1.0
2023-02-27,Science & Technology,0,-1.0
2023-03-06,Science & Technology,0,-1.0
2023-03-13,Science & Technology,0,-1.0
2023-03-20,Science & Technology,0,-1.0
2023-03-27,Science & Technology,0,-1.0
2023-04-03,Science & Technology,0,-1.0
2023-04-10,Science & Technology,0,-1.0
2023-04-17,Science & Technology,0,-1.0
2023-04-24,Science & Technology,0,-1.0
2023-05-01,Science & Technology,0,-1.0
2023-05-08,Science & Technology,0,-1.0
2023-05-15,Science & Technology,0,-1.0
2023-05-22,Science & Technology,0,-1.0
2023-05-29,Science & Technology,0,-1.0
2023-06-05,Science & Technology,0,-1.0
2023-06-12,Science & Technology,0,-1.0
2023-06-19,Science & Technology,0,-1.0
2023-06-26,Science & Technology,0,-1.0
2023-07-03,Science & Technology,0,-1.0
2023-07-10,Science & Technology,0,-1.0
2023-07-17,Science & Technology,0,-1.0
2023-07-24,Science & Technology,0,-1.0
2023-07-31,Science & Technology,0,-1.0
2023-08-07,Science & Technology,0,-1.0
2023-08-14,Science & Technology,0,-1.0
2023-08-21,Science & Technology,0,-1.0
2023-08-28,Science & Technology,0,-1.0
2023-09-04,Science & Technology,0,-1.0
2023-09-11,Science & Technology,0,-1.0
2023-09-18,Science & Technology,0,-1.0
2023-09-25,Science & Technology,0,-1.0
2023-10-02,Science & Technology,0,-1.0
2023-10-09,Science & Technology,0,-1.0
2023-10-16,Science & Technology,0,-1.0
2023-10-23,Science & Technology,1,1.9999996400000435
2023-10-30,Science & Technology,0,1.9999996400000435
2023-11-06,Science & Technology,0,1.9999996400000435
2023-11-13,Science & Technology,0,1.9999996400000435
2023-11-20,Science & Technology,0,-1.0
2023-11-27,Science & Technology,0,-1.0
2023-12-04,Science & Technology,0,-1.0
2023-12-11,Science & Technology,0,-1.0
2023-12-18,Science & Technology,1,0.49999991000000543
2023-12-25,Science & Technology,0,0.49999991000000543
2024-01-01,Science & Technology,0,0.49999991000000543
2024-01-08,Science & Technology,0,0.49999991000000543
2024-01-15,Science & Technology,0,-1.0
2024-01-22,Science & Technology,0,-1.0
2024-01-29,Science & Technology,0,-1.0
2024-02-05,Science & Technology,0,-1.0
2024-02-12,Science & Technology,1,0.49999991000000543
2024-02-19,Science & Technology,0,0.49999991000000543
2024-02-26,Science & Technology,0,0.49999991000000543
2024-03-04,Science & Technology,1,0.9999999200000032
2024-03-11,Science & Technology,0,0.49999991000000543
2024-03-18,Science & Technology,0,0.49999991000000543
2024-03-25,Science & Technology,0,0.49999991000000543
2024-04-01,Science & Technology,0,-1.0
2024-04-08,Science & Technology,0,-1.0
2024-04-15,Science & Technology,0,-1.0
2024-04-22,Science & Technology,0,-1.0
2024-04-29,Science & Technology,0,-1.0
2024-05-06,Science & Technology,0,-1.0
2024-05-13,Science & Technology,0,-1.0
2024-05-20,Science & Technology,0,-1.0
2024-05-27,Science & Technology,0,-1.0
2024-06-03,Science & Technology,0,-1.0
2024-06-10,Science & Technology,0,-1.0
2024-06-17,Science & Technology,0,-1.0
2024-06-24,Science & Technology,0,-1.0
2024-07-01,Science & Technology,0,-1.0
2024-07-08,Science & Technology,0,-1.0
2024-07-15,Science & Technology,0,-1.0
2024-07-22,Science & Technology,0,-1.0
2024-07-29,Science & Technology,0,-1.0
2024-08-05,Science & Technology,0,-1.0
2024-08-12,Science & Technology,0,-1.0
2024-08-19,Science & Technology,0,-1.0
2024-08-26,Science & Technology,0,-1.0
2024-09-02,Science & Technology,0,-1.0
2024-09-09,Science & Technology,0,-1.0
2024-09-16,Science & Technology,0,-1.0
2024-09-23,Science & Technology,0,-1.0
2024-09-30,Science & Technology,0,-1.0
2024-10-07,Science & Technology,0,-1.0
2024-10-14,Science & Technology,0,-1.0
2024-10-21,Science & Technology,0,-1.0
2024-10-28,Science & Technology,0,-1.0
2024-11-04,Science & Technology,0,-1.0
2024-11-11,Science & Technology,0,-1.0
2024-11-18,Science & Technology,0,-1.0
2024-11-25,Science & Technology,1,1.9999996400000435
2024-12-02,Science & Technology,0,1.9999996400000435
2024-12-09,Science & Technology,1,1.9999998200000109
2024-12-16,Science & Technology,0,1.9999998200000109
2024-12-23,Science & Technology,0,0.49999991000000543
2024-12-30,Science & Technology,0,0.49999991000000543
2025-01-06,Science & Technology,0,-1.0
2025-01-13,Science & Technology,0,-1.0
2025-01-20,Science & Technology,0,-1.0
2025-01-27,Science & Technology,0,-1.0
2025-02-03,Science & Technology,0,-1.0
2025-02-10,Science & Technology,0,-1.0
2025-02-17,Science & Technology,0,-1.0
2025-02-24,Science & Technology,0,-1.0
2025-03-03,Science & Technology,0,-1.0
2025-03-10,Science & Technology,1,1.9999996400000435
2025-03-17,Science & Technology,0,1.9999996400000435
2025-03-24,Science & Technology,0,1.9999996400000435
2025-03-31,Science & Technology,0,1.9999996400000435
2025-04-07,Science & Technology,0,-1.0
2025-04-14,Science & Technology,0,-1.0
2025-04-21,Science & Technology,0,-1.0
2025-04-28,Science & Technology,0,-1.0
2025-05-05,Science & Technology,0,-1.0
2025-05-12,Science & Technology,0,-1.0
2025-05-19,Science & Technology,0,-1.0
2025-05-26,Science & Technology,0,-1.0
2025-06-02,Science & Technology,0,-1.0
2025-06-09,Science & Technology,0,-1.0
2025-06-16,Science & Technology,0,-1.0
2025-06-23,Science & Technology,0,-1.0
2025-06-30,Science & Technology,0,-1.0
2025-07-07,Science & Technology,0,-1.0
2025-07-14,Science & Technology,0,-1.0
2025-07-21,Science & Technology,0,-1.0
2025-07-28,Science & Technology,0,-1.0
2025-08-04,Science & Technology,0,-1.0
2025-08-11,Science & Technology,0,-1.0
2025-08-18,Science & Technology,0,-1.0
2025-08-25,Science & Technology,0,-1.0
2025-09-01,Science & Technology,0,-1.0
2025-09-08,Science & Technology,0,-1.0
2025-09-15,Science & Technology,0,-1.0
2025-09-22,Science & Technology,0,-1.0
2025-09-29,Science & Technology,0,-1.0
2025-10-06,Science & Technology,0,-1.0
2025-10-13,Science & Technology,0,-1.0
2025-10-20,Science & Technology,0,-1.0
2025-10-27,Science & Technology,0,-1.0
2025-11-03,Science & Technology,0,-1.0
2025-11-10,Science & Technology,0,-1.0
2025-11-17,Science & Technology,0,-1.0
2025-11-24,Science & Technology,0,-1.0
2025-12-01,Science & Technology,0,-1.0
2025-12-08,Science & Technology,0,-1.0
2025-12-15,Science & Technology,0,-1.0
2025-12-22,Science & Technology,0,-1.0
2025-12-29,Science & Technology,0,-1.0
2026-01-05,Science & Technology,1,1.9999996400000435
2026-01-12,Science & Technology,0,1.9999996400000435
2026-01-19,Science & Technology,1,1.9999998200000109
2026-01-26,Science & Technology,1,1.9999998800000047
2026-02-02,Science & Technology,0,0.9999999200000032
2026-02-09,Science & Technology,1,1.249999932500002
2026-02-16,Science & Technology,0,0.4999999550000014
2026-02-23,Science & Technology,0,-0.2500000224999993
2026-03-02,Science & Technology,0,-0.2500000224999993
2026-03-09,Science & Technology,0,-1.0
2026-03-16,Science & Technology,0,-1.0
2026-03-23,Science & Technology,0,-1.0
2026-03-30,Science & Technology,0,-1.0
2026-04-06,Science & Technology,0,-1.0
2026-04-13,Science & Technology,0,-1.0
2026-04-20,Science & Technology,0,-1.0
2026-04-27,Science & Technology,0,-1.0
2026-05-04,Science & Technology,0,-1.0
2026-05-11,Science & Technology,0,-1.0
2026-05-18,Science & Technology,0,-1.0
2026-05-25,Science & Technology,0,-1.0
2026-06-01,Science & Technology,0,-1.0
2026-06-08,Science & Technology,0,-1.0
2026-06-15,Science & Technology,0,-1.0
2026-06-22,Science & Technology,0,-1.0
2026-06-29,Science & Technology,1,1.9999996400000435
2022-10-03,Society & Identity,0,
2022-10-10,Society & Identity,0,
2022-10-17,Society & Identity,0,
2022-10-24,Society & Identity,0,
2022-10-31,Society & Identity,0,
2022-11-07,Society & Identity,0,
2022-11-14,Society & Identity,1,
2022-11-21,Society & Identity,0,
2022-11-28,Society & Identity,0,
2022-12-05,Society & Identity,0,
2022-12-12,Society & Identity,0,
2022-12-19,Society & Identity,0,-1.0
2022-12-26,Society & Identity,0,-1.0
2023-01-02,Society & Identity,0,-1.0
2023-01-09,Society & Identity,0,-1.0
2023-01-16,Society & Identity,0,-1.0
2023-01-23,Society & Identity,0,-1.0
2023-01-30,Society & Identity,0,-1.0
2023-02-06,Society & Identity,0,-1.0
2023-02-13,Society & Identity,0,-1.0
2023-02-20,Society & Identity,0,-1.0
2023-02-27,Society & Identity,0,-1.0
2023-03-06,Society & Identity,0,-1.0
2023-03-13,Society & Identity,0,-1.0
2023-03-20,Society & Identity,0,-1.0
2023-03-27,Society & Identity,0,-1.0
2023-04-03,Society & Identity,0,-1.0
2023-04-10,Society & Identity,0,-1.0
2023-04-17,Society & Identity,0,-1.0
2023-04-24,Society & Identity,0,-1.0
2023-05-01,Society & Identity,0,-1.0
2023-05-08,Society & Identity,0,-1.0
2023-05-15,Society & Identity,0,-1.0
2023-05-22,Society & Identity,0,-1.0
2023-05-29,Society & Identity,0,-1.0
2023-06-05,Society & Identity,0,-1.0
2023-06-12,Society & Identity,0,-1.0
2023-06-19,Society & Identity,0,-1.0
2023-06-26,Society & Identity,0,-1.0
2023-07-03,Society & Identity,0,-1.0
2023-07-10,Society & Identity,0,-1.0
2023-07-17,Society & Identity,0,-1.0
2023-07-24,Society & Identity,0,-1.0
2023-07-31,Society & Identity,0,-1.0
2023-08-07,Society & Identity,0,-1.0
2023-08-14,Society & Identity,0,-1.0
2023-08-21,Society & Identity,0,-1.0
2023-08-28,Society & Identity,0,-1.0
2023-09-04,Society & Identity,0,-1.0
2023-09-11,Society & Identity,0,-1.0
2023-09-18,Society & Identity,0,-1.0
2023-09-25,Society & Identity,0,-1.0
2023-10-02,Society & Identity,0,-1.0
2023-10-09,Society & Identity,0,-1.0
2023-10-16,Society & Identity,1,1.9999996400000435
2023-10-23,Society & Identity,0,1.9999996400000435
2023-10-30,Society & Identity,0,1.9999996400000435
2023-11-06,Society & Identity,1,1.9999998200000109
2023-11-13,Society & Identity,0,0.49999991000000543
2023-11-20,Society & Identity,0,0.49999991000000543
2023-11-27,Society & Identity,0,0.49999991000000543
2023-12-04,Society & Identity,0,-1.0
2023-12-11,Society & Identity,0,-1.0
2023-12-18,Society & Identity,0,-1.0
2023-12-25,Society & Identity,0,-1.0
2024-01-01,Society & Identity,0,-1.0
2024-01-08,Society & Identity,0,-1.0
2024-01-15,Society & Identity,0,-1.0
2024-01-22,Society & Identity,0,-1.0
2024-01-29,Society & Identity,1,1.9999996400000435
2024-02-05,Society & Identity,1,1.9999998200000109
2024-02-12,Society & Identity,1,1.9999998800000047
2024-02-19,Society & Identity,0,1.9999998800000047
2024-02-26,Society & Identity,0,0.9999999200000032
2024-03-04,Society & Identity,0,-3.999999842463353e-08
2024-03-11,Society & Identity,0,-1.0
2024-03-18,Society & Identity,0,-1.0
2024-03-25,Society & Identity,0,-1.0
2024-04-01,Society & Identity,0,-1.0
2024-04-08,Society & Identity,0,-1.0
2024-04-15,Society & Identity,0,-1.0
2024-04-22,Society & Identity,0,-1.0
2024-04-29,Society & Identity,0,-1.0
2024-05-06,Society & Identity,0,-1.0
2024-05-13,Society & Identity,0,-1.0
2024-05-20,Society & Identity,0,-1.0
2024-05-27,Society & Identity,0,-1.0
2024-06-03,Society & Identity,0,-1.0
2024-06-10,Society & Identity,0,-1.0
2024-06-17,Society & Identity,0,-1.0
2024-06-24,Society & Identity,0,-1.0
2024-07-01,Society & Identity,0,-1.0
2024-07-08,Society & Identity,0,-1.0
2024-07-15,Society & Identity,0,-1.0
2024-07-22,Society & Identity,0,-1.0
2024-07-29,Society & Identity,0,-1.0
2024-08-05,Society & Identity,0,-1.0
2024-08-12,Society & Identity,0,-1.0
2024-08-19,Society & Identity,0,-1.0
2024-08-26,Society & Identity,0,-1.0
2024-09-02,Society & Identity,0,-1.0
2024-09-09,Society & Identity,0,-1.0
2024-09-16,Society & Identity,0,-1.0
2024-09-23,Society & Identity,0,-1.0
2024-09-30,Society & Identity,0,-1.0
2024-10-07,Society & Identity,0,-1.0
2024-10-14,Society & Identity,0,-1.0
2024-10-21,Society & Identity,0,-1.0
2024-10-28,Society & Identity,0,-1.0
2024-11-04,Society & Identity,0,-1.0
2024-11-11,Society & Identity,0,-1.0
2024-11-18,Society & Identity,0,-1.0
2024-11-25,Society & Identity,0,-1.0
2024-12-02,Society & Identity,0,-1.0
2024-12-09,Society & Identity,1,1.9999996400000435
2024-12-16,Society & Identity,0,1.9999996400000435
2024-12-23,Society & Identity,0,1.9999996400000435
2024-12-30,Society & Identity,0,1.9999996400000435
2025-01-06,Society & Identity,0,-1.0
2025-01-13,Society & Identity,0,-1.0
2025-01-20,Society & Identity,0,-1.0
2025-01-27,Society & Identity,0,-1.0
2025-02-03,Society & Identity,0,-1.0
2025-02-10,Society & Identity,0,-1.0
2025-02-17,Society & Identity,0,-1.0
2025-02-24,Society & Identity,0,-1.0
2025-03-03,Society & Identity,1,1.9999996400000435
2025-03-10,Society & Identity,0,1.9999996400000435
2025-03-17,Society & Identity,0,1.9999996400000435
2025-03-24,Society & Identity,0,1.9999996400000435
2025-03-31,Society & Identity,0,-1.0
2025-04-07,Society & Identity,0,-1.0
2025-04-14,Society & Identity,0,-1.0
2025-04-21,Society & Identity,0,-1.0
2025-04-28,Society & Identity,0,-1.0
2025-05-05,Society & Identity,0,-1.0
2025-05-12,Society & Identity,0,-1.0
2025-05-19,Society & Identity,0,-1.0
2025-05-26,Society & Identity,0,-1.0
2025-06-02,Society & Identity,0,-1.0
2025-06-09,Society & Identity,1,1.9999996400000435
2025-06-16,Society & Identity,0,1.9999996400000435
2025-06-23,Society & Identity,0,1.9999996400000435
2025-06-30,Society & Identity,0,1.9999996400000435
2025-07-07,Society & Identity,0,-1.0
2025-07-14,Society & Identity,0,-1.0
2025-07-21,Society & Identity,0,-1.0
2025-07-28,Society & Identity,0,-1.0
2025-08-04,Society & Identity,0,-1.0
2025-08-11,Society & Identity,0,-1.0
2025-08-18,Society & Identity,0,-1.0
2025-08-25,Society & Identity,0,-1.0
2025-09-01,Society & Identity,0,-1.0
2025-09-08,Society & Identity,0,-1.0
2025-09-15,Society & Identity,0,-1.0
2025-09-22,Society & Identity,0,-1.0
2025-09-29,Society & Identity,0,-1.0
2025-10-06,Society & Identity,0,-1.0
2025-10-13,Society & Identity,0,-1.0
2025-10-20,Society & Identity,0,-1.0
2025-10-27,Society & Identity,0,-1.0
2025-11-03,Society & Identity,0,-1.0
2025-11-10,Society & Identity,0,-1.0
2025-11-17,Society & Identity,0,-1.0
2025-11-24,Society & Identity,0,-1.0
2025-12-01,Society & Identity,0,-1.0
2025-12-08,Society & Identity,0,-1.0
2025-12-15,Society & Identity,0,-1.0
2025-12-22,Society & Identity,2,1.9999998200000109
2025-12-29,Society & Identity,0,1.9999998200000109
2026-01-05,Society & Identity,6,1.9999999550000007
2026-01-12,Society & Identity,2,1.9999999640000001
2026-01-19,Society & Identity,5,1.5999999792000001
2026-01-26,Society & Identity,2,1.6470588048442907
2026-02-02,Society & Identity,3,0.7999999892
2026-02-09,Society & Identity,8,0.9285714203061224
2026-02-16,Society & Identity,2,0.49999999400000017
2026-02-23,Society & Identity,8,0.6578947316066484
2026-03-02,Society & Identity,2,0.49999999550000007
2026-03-09,Society & Identity,2,-2.8571428556389833e-09
2026-03-16,Society & Identity,3,0.046511624986479205
2026-03-23,Society & Identity,0,-0.5116279083396431
2026-03-30,Society & Identity,0,-0.594594595909423
2026-04-06,Society & Identity,0,-0.7428571437387754
2026-04-13,Society & Identity,1,-0.9032258068262227
2026-04-20,Society & Identity,0,-0.8965517245659929
2026-04-27,Society & Identity,0,-0.884615385147929
2026-05-04,Society & Identity,0,-0.8333333344444445
2026-05-11,Society & Identity,0,-1.0
2026-05-18,Society & Identity,0,-1.0
2026-05-25,Society & Identity,0,-1.0
2026-06-01,Society & Identity,0,-1.0
2026-06-08,Society & Identity,0,-1.0
2026-06-15,Society & Identity,0,-1.0
2026-06-22,Society & Identity,0,-1.0
2026-06-29,Society & Identity,0,-1.0
2022-10-03,Sport & Varsity,0,
2022-10-10,Sport & Varsity,0,
2022-10-17,Sport & Varsity,0,
2022-10-24,Sport & Varsity,0,
2022-10-31,Sport & Varsity,0,
2022-11-07,Sport & Varsity,0,
2022-11-14,Sport & Varsity,0,
2022-11-21,Sport & Varsity,0,
2022-11-28,Sport & Varsity,0,
2022-12-05,Sport & Varsity,0,
2022-12-12,Sport & Varsity,0,
2022-12-19,Sport & Varsity,0,-1.0
2022-12-26,Sport & Varsity,0,-1.0
2023-01-02,Sport & Varsity,0,-1.0
2023-01-09,Sport & Varsity,0,-1.0
2023-01-16,Sport & Varsity,0,-1.0
2023-01-23,Sport & Varsity,0,-1.0
2023-01-30,Sport & Varsity,0,-1.0
2023-02-06,Sport & Varsity,0,-1.0
2023-02-13,Sport & Varsity,0,-1.0
2023-02-20,Sport & Varsity,0,-1.0
2023-02-27,Sport & Varsity,0,-1.0
2023-03-06,Sport & Varsity,0,-1.0
2023-03-13,Sport & Varsity,0,-1.0
2023-03-20,Sport & Varsity,0,-1.0
2023-03-27,Sport & Varsity,0,-1.0
2023-04-03,Sport & Varsity,0,-1.0
2023-04-10,Sport & Varsity,0,-1.0
2023-04-17,Sport & Varsity,0,-1.0
2023-04-24,Sport & Varsity,0,-1.0
2023-05-01,Sport & Varsity,0,-1.0
2023-05-08,Sport & Varsity,0,-1.0
2023-05-15,Sport & Varsity,0,-1.0
2023-05-22,Sport & Varsity,0,-1.0
2023-05-29,Sport & Varsity,0,-1.0
2023-06-05,Sport & Varsity,0,-1.0
2023-06-12,Sport & Varsity,0,-1.0
2023-06-19,Sport & Varsity,0,-1.0
2023-06-26,Sport & Varsity,0,-1.0
2023-07-03,Sport & Varsity,0,-1.0
2023-07-10,Sport & Varsity,0,-1.0
2023-07-17,Sport & Varsity,0,-1.0
2023-07-24,Sport & Varsity,0,-1.0
2023-07-31,Sport & Varsity,0,-1.0
2023-08-07,Sport & Varsity,0,-1.0
2023-08-14,Sport & Varsity,0,-1.0
2023-08-21,Sport & Varsity,0,-1.0
2023-08-28,Sport & Varsity,0,-1.0
2023-09-04,Sport & Varsity,0,-1.0
2023-09-11,Sport & Varsity,0,-1.0
2023-09-18,Sport & Varsity,0,-1.0
2023-09-25,Sport & Varsity,0,-1.0
2023-10-02,Sport & Varsity,0,-1.0
2023-10-09,Sport & Varsity,0,-1.0
2023-10-16,Sport & Varsity,0,-1.0
2023-10-23,Sport & Varsity,0,-1.0
2023-10-30,Sport & Varsity,0,-1.0
2023-11-06,Sport & Varsity,0,-1.0
2023-11-13,Sport & Varsity,0,-1.0
2023-11-20,Sport & Varsity,0,-1.0
2023-11-27,Sport & Varsity,0,-1.0
2023-12-04,Sport & Varsity,0,-1.0
2023-12-11,Sport & Varsity,0,-1.0
2023-12-18,Sport & Varsity,0,-1.0
2023-12-25,Sport & Varsity,0,-1.0
2024-01-01,Sport & Varsity,0,-1.0
2024-01-08,Sport & Varsity,0,-1.0
2024-01-15,Sport & Varsity,0,-1.0
2024-01-22,Sport & Varsity,0,-1.0
2024-01-29,Sport & Varsity,0,-1.0
2024-02-05,Sport & Varsity,0,-1.0
2024-02-12,Sport & Varsity,0,-1.0
2024-02-19,Sport & Varsity,0,-1.0
2024-02-26,Sport & Varsity,0,-1.0
2024-03-04,Sport & Varsity,0,-1.0
2024-03-11,Sport & Varsity,0,-1.0
2024-03-18,Sport & Varsity,0,-1.0
2024-03-25,Sport & Varsity,0,-1.0
2024-04-01,Sport & Varsity,0,-1.0
2024-04-08,Sport & Varsity,0,-1.0
2024-04-15,Sport & Varsity,0,-1.0
2024-04-22,Sport & Varsity,0,-1.0
2024-04-29,Sport & Varsity,0,-1.0
2024-05-06,Sport & Varsity,0,-1.0
2024-05-13,Sport & Varsity,0,-1.0
2024-05-20,Sport & Varsity,0,-1.0
2024-05-27,Sport & Varsity,0,-1.0
2024-06-03,Sport & Varsity,0,-1.0
2024-06-10,Sport & Varsity,0,-1.0
2024-06-17,Sport & Varsity,0,-1.0
2024-06-24,Sport & Varsity,0,-1.0
2024-07-01,Sport & Varsity,0,-1.0
2024-07-08,Sport & Varsity,0,-1.0
2024-07-15,Sport & Varsity,0,-1.0
2024-07-22,Sport & Varsity,0,-1.0
2024-07-29,Sport & Varsity,0,-1.0
2024-08-05,Sport & Varsity,0,-1.0
2024-08-12,Sport & Varsity,0,-1.0
2024-08-19,Sport & Varsity,0,-1.0
2024-08-26,Sport & Varsity,0,-1.0
2024-09-02,Sport & Varsity,0,-1.0
2024-09-09,Sport & Varsity,0,-1.0
2024-09-16,Sport & Varsity,0,-1.0
2024-09-23,Sport & Varsity,0,-1.0
2024-09-30,Sport & Varsity,0,-1.0
2024-10-07,Sport & Varsity,0,-1.0
2024-10-14,Sport & Varsity,0,-1.0
2024-10-21,Sport & Varsity,0,-1.0
2024-10-28,Sport & Varsity,0,-1.0
2024-11-04,Sport & Varsity,0,-1.0
2024-11-11,Sport & Varsity,0,-1.0
2024-11-18,Sport & Varsity,0,-1.0
2024-11-25,Sport & Varsity,0,-1.0
2024-12-02,Sport & Varsity,0,-1.0
2024-12-09,Sport & Varsity,0,-1.0
2024-12-16,Sport & Varsity,0,-1.0
2024-12-23,Sport & Varsity,0,-1.0
2024-12-30,Sport & Varsity,0,-1.0
2025-01-06,Sport & Varsity,0,-1.0
2025-01-13,Sport & Varsity,0,-1.0
2025-01-20,Sport & Varsity,0,-1.0
2025-01-27,Sport & Varsity,0,-1.0
2025-02-03,Sport & Varsity,0,-1.0
2025-02-10,Sport & Varsity,0,-1.0
2025-02-17,Sport & Varsity,0,-1.0
2025-02-24,Sport & Varsity,0,-1.0
2025-03-03,Sport & Varsity,0,-1.0
2025-03-10,Sport & Varsity,0,-1.0
2025-03-17,Sport & Varsity,0,-1.0
2025-03-24,Sport & Varsity,0,-1.0
2025-03-31,Sport & Varsity,0,-1.0
2025-04-07,Sport & Varsity,2,1.9999998200000109
2025-04-14,Sport & Varsity,0,1.9999998200000109
2025-04-21,Sport & Varsity,0,1.9999998200000109
2025-04-28,Sport & Varsity,1,1.9999998800000047
2025-05-05,Sport & Varsity,0,-3.999999842463353e-08
2025-05-12,Sport & Varsity,0,-3.999999842463353e-08
2025-05-19,Sport & Varsity,0,-3.999999842463353e-08
2025-05-26,Sport & Varsity,0,-1.0
2025-06-02,Sport & Varsity,0,-1.0
2025-06-09,Sport & Varsity,0,-1.0
2025-06-16,Sport & Varsity,0,-1.0
2025-06-23,Sport & Varsity,0,-1.0
2025-06-30,Sport & Varsity,0,-1.0
2025-07-07,Sport & Varsity,0,-1.0
2025-07-14,Sport & Varsity,0,-1.0
2025-07-21,Sport & Varsity,0,-1.0
2025-07-28,Sport & Varsity,0,-1.0
2025-08-04,Sport & Varsity,0,-1.0
2025-08-11,Sport & Varsity,0,-1.0
2025-08-18,Sport & Varsity,0,-1.0
2025-08-25,Sport & Varsity,0,-1.0
2025-09-01,Sport & Varsity,0,-1.0
2025-09-08,Sport & Varsity,0,-1.0
2025-09-15,Sport & Varsity,0,-1.0
2025-09-22,Sport & Varsity,0,-1.0
2025-09-29,Sport & Varsity,0,-1.0
2025-10-06,Sport & Varsity,0,-1.0
2025-10-13,Sport & Varsity,0,-1.0
2025-10-20,Sport & Varsity,0,-1.0
2025-10-27,Sport & Varsity,0,-1.0
2025-11-03,Sport & Varsity,0,-1.0
2025-11-10,Sport & Varsity,0,-1.0
2025-11-17,Sport & Varsity,0,-1.0
2025-11-24,Sport & Varsity,0,-1.0
2025-12-01,Sport & Varsity,0,-1.0
2025-12-08,Sport & Varsity,0,-1.0
2025-12-15,Sport & Varsity,1,1.9999996400000435
2025-12-22,Sport & Varsity,1,1.9999998200000109
2025-12-29,Sport & Varsity,0,1.9999998200000109
2026-01-05,Sport & Varsity,2,1.9999999100000028
2026-01-12,Sport & Varsity,1,1.3999999424000014
2026-01-19,Sport & Varsity,1,0.9999999600000007
2026-01-26,Sport & Varsity,1,1.1428571061224493
2026-02-02,Sport & Varsity,1,0.49999997750000036
2026-02-09,Sport & Varsity,5,0.8461538291124264
2026-02-16,Sport & Varsity,0,0.6153846004733732
2026-02-23,Sport & Varsity,2,0.5999999872000001
2026-03-02,Sport & Varsity,0,0.3999999888000001
2026-03-09,Sport & Varsity,2,-0.2500000056249999
2026-03-16,Sport & Varsity,0,-0.20000000639999993
2026-03-23,Sport & Varsity,0,-0.6000000031999999
2026-03-30,Sport & Varsity,0,-0.5384615427218934
2026-04-06,Sport & Varsity,0,-1.0
2026-04-13,Sport & Varsity,2,-0.5384615427218934
2026-04-20,Sport & Varsity,0,-0.500000005
2026-04-27,Sport & Varsity,0,-0.45454546049586775
2026-05-04,Sport & Varsity,0,-1.9999999656405976e-08
2026-05-11,Sport & Varsity,0,-1.0
2026-05-18,Sport & Varsity,0,-1.0
2026-05-25,Sport & Varsity,0,-1.0
2026-06-01,Sport & Varsity,2,0.4999999550000014
2026-06-08,Sport & Varsity,0,0.4999999550000014
2026-06-15,Sport & Varsity,0,0.4999999550000014
2026-06-22,Sport & Varsity,0,0.4999999550000014
2026-06-29,Sport & Varsity,0,-1.0
2022-10-03,Theatre & Visual Arts,1,
2022-10-10,Theatre & Visual Arts,0,
2022-10-17,Theatre & Visual Arts,0,
2022-10-24,Theatre & Visual Arts,0,
2022-10-31,Theatre & Visual Arts,1,
2022-11-07,Theatre & Visual Arts,0,
2022-11-14,Theatre & Visual Arts,0,
2022-11-21,Theatre & Visual Arts,0,
2022-11-28,Theatre & Visual Arts,0,
2022-12-05,Theatre & Visual Arts,1,
2022-12-12,Theatre & Visual Arts,0,
2022-12-19,Theatre & Visual Arts,0,-3.999999842463353e-08
2022-12-26,Theatre & Visual Arts,0,0.49999991000000543
2023-01-02,Theatre & Visual Arts,0,-1.0
2023-01-09,Theatre & Visual Arts,0,-1.0
2023-01-16,Theatre & Visual Arts,0,-1.0
2023-01-23,Theatre & Visual Arts,0,-1.0
2023-01-30,Theatre & Visual Arts,0,-1.0
2023-02-06,Theatre & Visual Arts,0,-1.0
2023-02-13,Theatre & Visual Arts,0,-1.0
2023-02-20,Theatre & Visual Arts,0,-1.0
2023-02-27,Theatre & Visual Arts,0,-1.0
2023-03-06,Theatre & Visual Arts,0,-1.0
2023-03-13,Theatre & Visual Arts,0,-1.0
2023-03-20,Theatre & Visual Arts,0,-1.0
2023-03-27,Theatre & Visual Arts,0,-1.0
2023-04-03,Theatre & Visual Arts,0,-1.0
2023-04-10,Theatre & Visual Arts,0,-1.0
2023-04-17,Theatre & Visual Arts,0,-1.0
2023-04-24,Theatre & Visual Arts,0,-1.0
2023-05-01,Theatre & Visual Arts,0,-1.0
2023-05-08,Theatre & Visual Arts,0,-1.0
2023-05-15,Theatre & Visual Arts,0,-1.0
2023-05-22,Theatre & Visual Arts,0,-1.0
2023-05-29,Theatre & Visual Arts,0,-1.0
2023-06-05,Theatre & Visual Arts,0,-1.0
2023-06-12,Theatre & Visual Arts,0,-1.0
2023-06-19,Theatre & Visual Arts,0,-1.0
2023-06-26,Theatre & Visual Arts,0,-1.0
2023-07-03,Theatre & Visual Arts,0,-1.0
2023-07-10,Theatre & Visual Arts,0,-1.0
2023-07-17,Theatre & Visual Arts,0,-1.0
2023-07-24,Theatre & Visual Arts,0,-1.0
2023-07-31,Theatre & Visual Arts,0,-1.0
2023-08-07,Theatre & Visual Arts,0,-1.0
2023-08-14,Theatre & Visual Arts,0,-1.0
2023-08-21,Theatre & Visual Arts,0,-1.0
2023-08-28,Theatre & Visual Arts,0,-1.0
2023-09-04,Theatre & Visual Arts,0,-1.0
2023-09-11,Theatre & Visual Arts,0,-1.0
2023-09-18,Theatre & Visual Arts,0,-1.0
2023-09-25,Theatre & Visual Arts,0,-1.0
2023-10-02,Theatre & Visual Arts,0,-1.0
2023-10-09,Theatre & Visual Arts,0,-1.0
2023-10-16,Theatre & Visual Arts,0,-1.0
2023-10-23,Theatre & Visual Arts,0,-1.0
2023-10-30,Theatre & Visual Arts,0,-1.0
2023-11-06,Theatre & Visual Arts,1,1.9999996400000435
2023-11-13,Theatre & Visual Arts,0,1.9999996400000435
2023-11-20,Theatre & Visual Arts,0,1.9999996400000435
2023-11-27,Theatre & Visual Arts,0,1.9999996400000435
2023-12-04,Theatre & Visual Arts,0,-1.0
2023-12-11,Theatre & Visual Arts,0,-1.0
2023-12-18,Theatre & Visual Arts,0,-1.0
2023-12-25,Theatre & Visual Arts,0,-1.0
2024-01-01,Theatre & Visual Arts,0,-1.0
2024-01-08,Theatre & Visual Arts,0,-1.0
2024-01-15,Theatre & Visual Arts,1,0.49999991000000543
2024-01-22,Theatre & Visual Arts,0,0.49999991000000543
2024-01-29,Theatre & Visual Arts,2,1.9999998800000047
2024-02-05,Theatre & Visual Arts,0,1.9999998800000047
2024-02-12,Theatre & Visual Arts,1,1.249999932500002
2024-02-19,Theatre & Visual Arts,0,1.249999932500002
2024-02-26,Theatre & Visual Arts,1,0.19999997120000068
2024-03-04,Theatre & Visual Arts,0,0.19999997120000068
2024-03-11,Theatre & Visual Arts,0,-0.40000001439999966
2024-03-18,Theatre & Visual Arts,0,-0.40000001439999966
2024-03-25,Theatre & Visual Arts,0,-1.0
2024-04-01,Theatre & Visual Arts,0,-1.0
2024-04-08,Theatre & Visual Arts,0,-1.0
2024-04-15,Theatre & Visual Arts,0,-1.0
2024-04-22,Theatre & Visual Arts,0,-1.0
2024-04-29,Theatre & Visual Arts,0,-1.0
2024-05-06,Theatre & Visual Arts,0,-1.0
2024-05-13,Theatre & Visual Arts,0,-1.0
2024-05-20,Theatre & Visual Arts,0,-1.0
2024-05-27,Theatre & Visual Arts,0,-1.0
2024-06-03,Theatre & Visual Arts,0,-1.0
2024-06-10,Theatre & Visual Arts,0,-1.0
2024-06-17,Theatre & Visual Arts,0,-1.0
2024-06-24,Theatre & Visual Arts,0,-1.0
2024-07-01,Theatre & Visual Arts,0,-1.0
2024-07-08,Theatre & Visual Arts,0,-1.0
2024-07-15,Theatre & Visual Arts,0,-1.0
2024-07-22,Theatre & Visual Arts,0,-1.0
2024-07-29,Theatre & Visual Arts,0,-1.0
2024-08-05,Theatre & Visual Arts,0,-1.0
2024-08-12,Theatre & Visual Arts,0,-1.0
2024-08-19,Theatre & Visual Arts,0,-1.0
2024-08-26,Theatre & Visual Arts,0,-1.0
2024-09-02,Theatre & Visual Arts,0,-1.0
2024-09-09,Theatre & Visual Arts,0,-1.0
2024-09-16,Theatre & Visual Arts,0,-1.0
2024-09-23,Theatre & Visual Arts,0,-1.0
2024-09-30,Theatre & Visual Arts,0,-1.0
2024-10-07,Theatre & Visual Arts,0,-1.0
2024-10-14,Theatre & Visual Arts,0,-1.0
2024-10-21,Theatre & Visual Arts,0,-1.0
2024-10-28,Theatre & Visual Arts,0,-1.0
2024-11-04,Theatre & Visual Arts,0,-1.0
2024-11-11,Theatre & Visual Arts,0,-1.0
2024-11-18,Theatre & Visual Arts,0,-1.0
2024-11-25,Theatre & Visual Arts,0,-1.0
2024-12-02,Theatre & Visual Arts,1,1.9999996400000435
2024-12-09,Theatre & Visual Arts,0,1.9999996400000435
2024-12-16,Theatre & Visual Arts,0,1.9999996400000435
2024-12-23,Theatre & Visual Arts,0,1.9999996400000435
2024-12-30,Theatre & Visual Arts,0,-1.0
2025-01-06,Theatre & Visual Arts,0,-1.0
2025-01-13,Theatre & Visual Arts,0,-1.0
2025-01-20,Theatre & Visual Arts,0,-1.0
2025-01-27,Theatre & Visual Arts,0,-1.0
2025-02-03,Theatre & Visual Arts,1,0.49999991000000543
2025-02-10,Theatre & Visual Arts,0,0.49999991000000543
2025-02-17,Theatre & Visual Arts,0,0.49999991000000543
2025-02-24,Theatre & Visual Arts,0,1.9999996400000435
2025-03-03,Theatre & Visual Arts,1,0.49999991000000543
2025-03-10,Theatre & Visual Arts,0,0.49999991000000543
2025-03-17,Theatre & Visual Arts,0,0.49999991000000543
2025-03-24,Theatre & Visual Arts,0,0.49999991000000543
2025-03-31,Theatre & Visual Arts,0,-1.0
2025-04-07,Theatre & Visual Arts,0,-1.0
2025-04-14,Theatre & Visual Arts,0,-1.0
2025-04-21,Theatre & Visual Arts,0,-1.0
2025-04-28,Theatre & Visual Arts,0,-1.0
2025-05-05,Theatre & Visual Arts,0,-1.0
2025-05-12,Theatre & Visual Arts,0,-1.0
2025-05-19,Theatre & Visual Arts,0,-1.0
2025-05-26,Theatre & Visual Arts,0,-1.0
2025-06-02,Theatre & Visual Arts,0,-1.0
2025-06-09,Theatre & Visual Arts,0,-1.0
2025-06-16,Theatre & Visual Arts,0,-1.0
2025-06-23,Theatre & Visual Arts,0,-1.0
2025-06-30,Theatre & Visual Arts,0,-1.0
2025-07-07,Theatre & Visual Arts,0,-1.0
2025-07-14,Theatre & Visual Arts,0,-1.0
2025-07-21,Theatre & Visual Arts,0,-1.0
2025-07-28,Theatre & Visual Arts,0,-1.0
2025-08-04,Theatre & Visual Arts,0,-1.0
2025-08-11,Theatre & Visual Arts,0,-1.0
2025-08-18,Theatre & Visual Arts,0,-1.0
2025-08-25,Theatre & Visual Arts,0,-1.0
2025-09-01,Theatre & Visual Arts,0,-1.0
2025-09-08,Theatre & Visual Arts,0,-1.0
2025-09-15,Theatre & Visual Arts,0,-1.0
2025-09-22,Theatre & Visual Arts,0,-1.0
2025-09-29,Theatre & Visual Arts,0,-1.0
2025-10-06,Theatre & Visual Arts,0,-1.0
2025-10-13,Theatre & Visual Arts,0,-1.0
2025-10-20,Theatre & Visual Arts,0,-1.0
2025-10-27,Theatre & Visual Arts,0,-1.0
2025-11-03,Theatre & Visual Arts,0,-1.0
2025-11-10,Theatre & Visual Arts,0,-1.0
2025-11-17,Theatre & Visual Arts,0,-1.0
2025-11-24,Theatre & Visual Arts,0,-1.0
2025-12-01,Theatre & Visual Arts,0,-1.0
2025-12-08,Theatre & Visual Arts,0,-1.0
2025-12-15,Theatre & Visual Arts,0,-1.0
2025-12-22,Theatre & Visual Arts,0,-1.0
2025-12-29,Theatre & Visual Arts,0,-1.0
2026-01-05,Theatre & Visual Arts,0,-1.0
2026-01-12,Theatre & Visual Arts,1,1.9999996400000435
2026-01-19,Theatre & Visual Arts,0,1.9999996400000435
2026-01-26,Theatre & Visual Arts,0,1.9999996400000435
2026-02-02,Theatre & Visual Arts,1,1.9999998200000109
2026-02-09,Theatre & Visual Arts,1,0.9999999200000032
2026-02-16,Theatre & Visual Arts,0,0.9999999200000032
2026-02-23,Theatre & Visual Arts,1,1.249999932500002
2026-03-02,Theatre & Visual Arts,0,0.4999999550000014
2026-03-09,Theatre & Visual Arts,0,-0.2500000224999993
2026-03-16,Theatre & Visual Arts,0,-0.2500000224999993
2026-03-23,Theatre & Visual Arts,0,-1.0
2026-03-30,Theatre & Visual Arts,0,-1.0
2026-04-06,Theatre & Visual Arts,0,-1.0
2026-04-13,Theatre & Visual Arts,0,-1.0
2026-04-20,Theatre & Visual Arts,0,-1.0
2026-04-27,Theatre & Visual Arts,0,-1.0
2026-05-04,Theatre & Visual Arts,1,0.49999991000000543
2026-05-11,Theatre & Visual Arts,0,0.49999991000000543
2026-05-18,Theatre & Visual Arts,0,1.9999996400000435
2026-05-25,Theatre & Visual Arts,0,1.9999996400000435
2026-06-01,Theatre & Visual Arts,2,0.9999999200000032
2026-06-08,Theatre & Visual Arts,0,0.9999999200000032
2026-06-15,Theatre & Visual Arts,0,0.9999999200000032
2026-06-22,Theatre & Visual Arts,0,0.9999999200000032
2026-06-29,Theatre & Visual Arts,1,-0.2500000224999993
2022-10-03,UCL & Campus,0,
2022-10-10,UCL & Campus,0,
2022-10-17,UCL & Campus,0,
2022-10-24,UCL & Campus,0,
2022-10-31,UCL & Campus,0,
2022-11-07,UCL & Campus,0,
2022-11-14,UCL & Campus,0,
2022-11-21,UCL & Campus,0,
2022-11-28,UCL & Campus,0,
2022-12-05,UCL & Campus,0,
2022-12-12,UCL & Campus,0,
2022-12-19,UCL & Campus,0,-1.0
2022-12-26,UCL & Campus,0,-1.0
2023-01-02,UCL & Campus,0,-1.0
2023-01-09,UCL & Campus,0,-1.0
2023-01-16,UCL & Campus,0,-1.0
2023-01-23,UCL & Campus,0,-1.0
2023-01-30,UCL & Campus,0,-1.0
2023-02-06,UCL & Campus,0,-1.0
2023-02-13,UCL & Campus,0,-1.0
2023-02-20,UCL & Campus,0,-1.0
2023-02-27,UCL & Campus,0,-1.0
2023-03-06,UCL & Campus,0,-1.0
2023-03-13,UCL & Campus,0,-1.0
2023-03-20,UCL & Campus,1,1.9999996400000435
2023-03-27,UCL & Campus,0,1.9999996400000435
2023-04-03,UCL & Campus,0,1.9999996400000435
2023-04-10,UCL & Campus,0,1.9999996400000435
2023-04-17,UCL & Campus,0,-1.0
2023-04-24,UCL & Campus,0,-1.0
2023-05-01,UCL & Campus,0,-1.0
2023-05-08,UCL & Campus,0,-1.0
2023-05-15,UCL & Campus,0,-1.0
2023-05-22,UCL & Campus,0,-1.0
2023-05-29,UCL & Campus,0,-1.0
2023-06-05,UCL & Campus,0,-1.0
2023-06-12,UCL & Campus,0,-1.0
2023-06-19,UCL & Campus,0,-1.0
2023-06-26,UCL & Campus,0,-1.0
2023-07-03,UCL & Campus,0,-1.0
2023-07-10,UCL & Campus,0,-1.0
2023-07-17,UCL & Campus,0,-1.0
2023-07-24,UCL & Campus,0,-1.0
2023-07-31,UCL & Campus,0,-1.0
2023-08-07,UCL & Campus,0,-1.0
2023-08-14,UCL & Campus,0,-1.0
2023-08-21,UCL & Campus,0,-1.0
2023-08-28,UCL & Campus,0,-1.0
2023-09-04,UCL & Campus,0,-1.0
2023-09-11,UCL & Campus,0,-1.0
2023-09-18,UCL & Campus,0,-1.0
2023-09-25,UCL & Campus,0,-1.0
2023-10-02,UCL & Campus,0,-1.0
2023-10-09,UCL & Campus,0,-1.0
2023-10-16,UCL & Campus,1,1.9999996400000435
2023-10-23,UCL & Campus,3,1.9999999100000028
2023-10-30,UCL & Campus,0,1.9999999100000028
2023-11-06,UCL & Campus,0,1.9999999100000028
2023-11-13,UCL & Campus,0,1.249999932500002
2023-11-20,UCL & Campus,2,-1.9999999656405976e-08
2023-11-27,UCL & Campus,0,-1.9999999656405976e-08
2023-12-04,UCL & Campus,0,-1.9999999656405976e-08
2023-12-11,UCL & Campus,0,-1.9999999656405976e-08
2023-12-18,UCL & Campus,1,-0.5714285787755101
2023-12-25,UCL & Campus,0,-0.5714285787755101
2024-01-01,UCL & Campus,0,-0.5714285787755101
2024-01-08,UCL & Campus,0,-0.5000000099999998
2024-01-15,UCL & Campus,0,-1.0
2024-01-22,UCL & Campus,0,-1.0
2024-01-29,UCL & Campus,1,-0.2500000224999993
2024-02-05,UCL & Campus,1,0.19999997120000068
2024-02-12,UCL & Campus,3,1.4999999500000007
2024-02-19,UCL & Campus,0,1.4999999500000007
2024-02-26,UCL & Campus,1,1.1428571061224493
2024-03-04,UCL & Campus,0,0.7142856848979595
2024-03-11,UCL & Campus,1,-0.14285715755102024
2024-03-18,UCL & Campus,0,-0.14285715755102024
2024-03-25,UCL & Campus,0,-0.5714285787755101
2024-04-01,UCL & Campus,0,-0.5714285787755101
2024-04-08,UCL & Campus,0,-1.0
2024-04-15,UCL & Campus,0,-1.0
2024-04-22,UCL & Campus,0,-1.0
2024-04-29,UCL & Campus,0,-1.0
2024-05-06,UCL & Campus,0,-1.0
2024-05-13,UCL & Campus,0,-1.0
2024-05-20,UCL & Campus,1,0.49999991000000543
2024-05-27,UCL & Campus,0,0.49999991000000543
2024-06-03,UCL & Campus,0,1.9999996400000435
2024-06-10,UCL & Campus,0,1.9999996400000435
2024-06-17,UCL & Campus,0,-1.0
2024-06-24,UCL & Campus,0,-1.0
2024-07-01,UCL & Campus,0,-1.0
2024-07-08,UCL & Campus,0,-1.0
2024-07-15,UCL & Campus,0,-1.0
2024-07-22,UCL & Campus,0,-1.0
2024-07-29,UCL & Campus,0,-1.0
2024-08-05,UCL & Campus,0,-1.0
2024-08-12,UCL & Campus,0,-1.0
2024-08-19,UCL & Campus,0,-1.0
2024-08-26,UCL & Campus,0,-1.0
2024-09-02,UCL & Campus,0,-1.0
2024-09-09,UCL & Campus,0,-1.0
2024-09-16,UCL & Campus,0,-1.0
2024-09-23,UCL & Campus,0,-1.0
2024-09-30,UCL & Campus,0,-1.0
2024-10-07,UCL & Campus,0,-1.0
2024-10-14,UCL & Campus,0,-1.0
2024-10-21,UCL & Campus,0,-1.0
2024-10-28,UCL & Campus,0,-1.0
2024-11-04,UCL & Campus,0,-1.0
2024-11-11,UCL & Campus,0,-1.0
2024-11-18,UCL & Campus,0,-1.0
2024-11-25,UCL & Campus,0,-1.0
2024-12-02,UCL & Campus,1,1.9999996400000435
2024-12-09,UCL & Campus,0,1.9999996400000435
2024-12-16,UCL & Campus,0,1.9999996400000435
2024-12-23,UCL & Campus,0,1.9999996400000435
2024-12-30,UCL & Campus,0,-1.0
2025-01-06,UCL & Campus,0,-1.0
2025-01-13,UCL & Campus,0,-1.0
2025-01-20,UCL & Campus,1,0.49999991000000543
2025-01-27,UCL & Campus,0,0.49999991000000543
2025-02-03,UCL & Campus,0,0.49999991000000543
2025-02-10,UCL & Campus,2,1.249999932500002
2025-02-17,UCL & Campus,0,0.4999999550000014
2025-02-24,UCL & Campus,0,0.9999999200000032
2025-03-03,UCL & Campus,3,1.4999999500000007
2025-03-10,UCL & Campus,0,0.4999999700000004
2025-03-17,UCL & Campus,1,0.7142856848979595
2025-03-24,UCL & Campus,1,0.8749999718750003
2025-03-31,UCL & Campus,0,-0.2500000112499998
2025-04-07,UCL & Campus,0,-0.2500000112499998
2025-04-14,UCL & Campus,0,-0.5714285787755101
2025-04-21,UCL & Campus,0,-1.0
2025-04-28,UCL & Campus,1,-0.6250000056249999
2025-05-05,UCL & Campus,0,-0.5000000099999998
2025-05-12,UCL & Campus,0,-0.5000000099999998
2025-05-19,UCL & Campus,0,-0.5000000099999998
2025-05-26,UCL & Campus,0,-1.0
2025-06-02,UCL & Campus,0,-1.0
2025-06-09,UCL & Campus,1,-3.999999842463353e-08
2025-06-16,UCL & Campus,0,0.49999991000000543
2025-06-23,UCL & Campus,0,0.49999991000000543
2025-06-30,UCL & Campus,0,0.49999991000000543
2025-07-07,UCL & Campus,0,-1.0
2025-07-14,UCL & Campus,0,-1.0
2025-07-21,UCL & Campus,0,-1.0
2025-07-28,UCL & Campus,0,-1.0
2025-08-04,UCL & Campus,0,-1.0
2025-08-11,UCL & Campus,0,-1.0
2025-08-18,UCL & Campus,0,-1.0
2025-08-25,UCL & Campus,0,-1.0
2025-09-01,UCL & Campus,0,-1.0
2025-09-08,UCL & Campus,0,-1.0
2025-09-15,UCL & Campus,0,-1.0
2025-09-22,UCL & Campus,0,-1.0
2025-09-29,UCL & Campus,0,-1.0
2025-10-06,UCL & Campus,0,-1.0
2025-10-13,UCL & Campus,0,-1.0
2025-10-20,UCL & Campus,0,-1.0
2025-10-27,UCL & Campus,0,-1.0
2025-11-03,UCL & Campus,0,-1.0
2025-11-10,UCL & Campus,0,-1.0
2025-11-17,UCL & Campus,0,-1.0
2025-11-24,UCL & Campus,0,-1.0
2025-12-01,UCL & Campus,0,-1.0
2025-12-08,UCL & Campus,0,-1.0
2025-12-15,UCL & Campus,1,1.9999996400000435
2025-12-22,UCL & Campus,0,1.9999996400000435
2025-12-29,UCL & Campus,0,1.9999996400000435
2026-01-05,UCL & Campus,0,1.9999996400000435
2026-01-12,UCL & Campus,0,-1.0
2026-01-19,UCL & Campus,0,-1.0
2026-01-26,UCL & Campus,0,-1.0
2026-02-02,UCL & Campus,2,0.9999999200000032
2026-02-09,UCL & Campus,0,0.9999999200000032
2026-02-16,UCL & Campus,0,0.9999999200000032
2026-02-23,UCL & Campus,0,0.9999999200000032
2026-03-02,UCL & Campus,0,-1.0
2026-03-09,UCL & Campus,0,-1.0
2026-03-16,UCL & Campus,2,0.4999999550000014
2026-03-23,UCL & Campus,0,0.4999999550000014
2026-03-30,UCL & Campus,0,0.4999999550000014
2026-04-06,UCL & Campus,0,0.4999999550000014
2026-04-13,UCL & Campus,0,-1.0
2026-04-20,UCL & Campus,0,-1.0
2026-04-27,UCL & Campus,0,-1.0
2026-05-04,UCL & Campus,0,-1.0
2026-05-11,UCL & Campus,0,-1.0
2026-05-18,UCL & Campus,0,-1.0
2026-05-25,UCL & Campus,0,-1.0
2026-06-01,UCL & Campus,0,-1.0
2026-06-08,UCL & Campus,0,-1.0
2026-06-15,UCL & Campus,0,-1.0
2026-06-22,UCL & Campus,0,-1.0
2026-06-29,UCL & Campus,0,-1.0
2022-10-03,UK Politics,0,
2022-10-10,UK Politics,0,
2022-10-17,UK Politics,0,
2022-10-24,UK Politics,0,
2022-10-31,UK Politics,0,
2022-11-07,UK Politics,0,
2022-11-14,UK Politics,0,
2022-11-21,UK Politics,0,
2022-11-28,UK Politics,0,
2022-12-05,UK Politics,0,
2022-12-12,UK Politics,0,
2022-12-19,UK Politics,0,-1.0
2022-12-26,UK Politics,0,-1.0
2023-01-02,UK Politics,0,-1.0
2023-01-09,UK Politics,0,-1.0
2023-01-16,UK Politics,0,-1.0
2023-01-23,UK Politics,1,1.9999996400000435
2023-01-30,UK Politics,0,1.9999996400000435
2023-02-06,UK Politics,0,1.9999996400000435
2023-02-13,UK Politics,0,1.9999996400000435
2023-02-20,UK Politics,0,-1.0
2023-02-27,UK Politics,0,-1.0
2023-03-06,UK Politics,1,0.49999991000000543
2023-03-13,UK Politics,0,0.49999991000000543
2023-03-20,UK Politics,2,1.249999932500002
2023-03-27,UK Politics,0,1.249999932500002
2023-04-03,UK Politics,0,0.4999999550000014
2023-04-10,UK Politics,0,0.4999999550000014
2023-04-17,UK Politics,0,-1.0
2023-04-24,UK Politics,0,-1.0
2023-05-01,UK Politics,0,-1.0
2023-05-08,UK Politics,0,-1.0
2023-05-15,UK Politics,0,-1.0
2023-05-22,UK Politics,0,-1.0
2023-05-29,UK Politics,0,-1.0
2023-06-05,UK Politics,0,-1.0
2023-06-12,UK Politics,0,-1.0
2023-06-19,UK Politics,0,-1.0
2023-06-26,UK Politics,0,-1.0
2023-07-03,UK Politics,0,-1.0
2023-07-10,UK Politics,0,-1.0
2023-07-17,UK Politics,0,-1.0
2023-07-24,UK Politics,0,-1.0
2023-07-31,UK Politics,0,-1.0
2023-08-07,UK Politics,0,-1.0
2023-08-14,UK Politics,0,-1.0
2023-08-21,UK Politics,0,-1.0
2023-08-28,UK Politics,0,-1.0
2023-09-04,UK Politics,0,-1.0
2023-09-11,UK Politics,0,-1.0
2023-09-18,UK Politics,0,-1.0
2023-09-25,UK Politics,0,-1.0
2023-10-02,UK Politics,0,-1.0
2023-10-09,UK Politics,0,-1.0
2023-10-16,UK Politics,0,-1.0
2023-10-23,UK Politics,0,-1.0
2023-10-30,UK Politics,0,-1.0
2023-11-06,UK Politics,0,-1.0
2023-11-13,UK Politics,0,-1.0
2023-11-20,UK Politics,0,-1.0
2023-11-27,UK Politics,0,-1.0
2023-12-04,UK Politics,0,-1.0
2023-12-11,UK Politics,0,-1.0
2023-12-18,UK Politics,0,-1.0
2023-12-25,UK Politics,0,-1.0
2024-01-01,UK Politics,0,-1.0
2024-01-08,UK Politics,0,-1.0
2024-01-15,UK Politics,0,-1.0
2024-01-22,UK Politics,0,-1.0
2024-01-29,UK Politics,0,-1.0
2024-02-05,UK Politics,1,1.9999996400000435
2024-02-12,UK Politics,1,1.9999998200000109
2024-02-19,UK Politics,0,1.9999998200000109
2024-02-26,UK Politics,0,1.9999998200000109
2024-03-04,UK Politics,0,0.49999991000000543
2024-03-11,UK Politics,1,-3.999999842463353e-08
2024-03-18,UK Politics,0,-3.999999842463353e-08
2024-03-25,UK Politics,0,-3.999999842463353e-08
2024-04-01,UK Politics,0,-3.999999842463353e-08
2024-04-08,UK Politics,0,-1.0
2024-04-15,UK Politics,0,-1.0
2024-04-22,UK Politics,0,-1.0
2024-04-29,UK Politics,0,-1.0
2024-05-06,UK Politics,0,-1.0
2024-05-13,UK Politics,0,-1.0
2024-05-20,UK Politics,0,-1.0
2024-05-27,UK Politics,0,-1.0
2024-06-03,UK Politics,0,-1.0
2024-06-10,UK Politics,0,-1.0
2024-06-17,UK Politics,0,-1.0
2024-06-24,UK Politics,0,-1.0
2024-07-01,UK Politics,0,-1.0
2024-07-08,UK Politics,0,-1.0
2024-07-15,UK Politics,0,-1.0
2024-07-22,UK Politics,0,-1.0
2024-07-29,UK Politics,0,-1.0
2024-08-05,UK Politics,0,-1.0
2024-08-12,UK Politics,0,-1.0
2024-08-19,UK Politics,0,-1.0
2024-08-26,UK Politics,0,-1.0
2024-09-02,UK Politics,0,-1.0
2024-09-09,UK Politics,0,-1.0
2024-09-16,UK Politics,0,-1.0
2024-09-23,UK Politics,0,-1.0
2024-09-30,UK Politics,0,-1.0
2024-10-07,UK Politics,1,1.9999996400000435
2024-10-14,UK Politics,0,1.9999996400000435
2024-10-21,UK Politics,0,1.9999996400000435
2024-10-28,UK Politics,2,1.9999998800000047
2024-11-04,UK Politics,0,0.9999999200000032
2024-11-11,UK Politics,1,1.249999932500002
2024-11-18,UK Politics,0,1.249999932500002
2024-11-25,UK Politics,1,0.19999997120000068
2024-12-02,UK Politics,0,0.19999997120000068
2024-12-09,UK Politics,0,-0.40000001439999966
2024-12-16,UK Politics,1,-1.9999999656405976e-08
2024-12-23,UK Politics,0,-0.5000000099999998
2024-12-30,UK Politics,0,-0.40000001439999966
2025-01-06,UK Politics,0,-0.40000001439999966
2025-01-13,UK Politics,0,-1.0
2025-01-20,UK Politics,1,-0.2500000224999993
2025-01-27,UK Politics,0,-0.2500000224999993
2025-02-03,UK Politics,0,-3.999999842463353e-08
2025-02-10,UK Politics,0,-3.999999842463353e-08
2025-02-17,UK Politics,0,-1.0
2025-02-24,UK Politics,0,-1.0
2025-03-03,UK Politics,0,-1.0
2025-03-10,UK Politics,0,-1.0
2025-03-17,UK Politics,0,-1.0
2025-03-24,UK Politics,0,-1.0
2025-03-31,UK Politics,0,-1.0
2025-04-07,UK Politics,0,-1.0
2025-04-14,UK Politics,0,-1.0
2025-04-21,UK Politics,0,-1.0
2025-04-28,UK Politics,0,-1.0
2025-05-05,UK Politics,0,-1.0
2025-05-12,UK Politics,0,-1.0
2025-05-19,UK Politics,0,-1.0
2025-05-26,UK Politics,0,-1.0
2025-06-02,UK Politics,0,-1.0
2025-06-09,UK Politics,0,-1.0
2025-06-16,UK Politics,0,-1.0
2025-06-23,UK Politics,0,-1.0
2025-06-30,UK Politics,0,-1.0
2025-07-07,UK Politics,0,-1.0
2025-07-14,UK Politics,0,-1.0
2025-07-21,UK Politics,0,-1.0
2025-07-28,UK Politics,0,-1.0
2025-08-04,UK Politics,0,-1.0
2025-08-11,UK Politics,0,-1.0
2025-08-18,UK Politics,0,-1.0
2025-08-25,UK Politics,0,-1.0
2025-09-01,UK Politics,0,-1.0
2025-09-08,UK Politics,0,-1.0
2025-09-15,UK Politics,0,-1.0
2025-09-22,UK Politics,0,-1.0
2025-09-29,UK Politics,0,-1.0
2025-10-06,UK Politics,0,-1.0
2025-10-13,UK Politics,0,-1.0
2025-10-20,UK Politics,0,-1.0
2025-10-27,UK Politics,0,-1.0
2025-11-03,UK Politics,0,-1.0
2025-11-10,UK Politics,0,-1.0
2025-11-17,UK Politics,0,-1.0
2025-11-24,UK Politics,0,-1.0
2025-12-01,UK Politics,0,-1.0
2025-12-08,UK Politics,0,-1.0
2025-12-15,UK Politics,0,-1.0
2025-12-22,UK Politics,0,-1.0
2025-12-29,UK Politics,0,-1.0
2026-01-05,UK Politics,0,-1.0
2026-01-12,UK Politics,0,-1.0
2026-01-19,UK Politics,2,1.9999998200000109
2026-01-26,UK Politics,0,1.9999998200000109
2026-02-02,UK Politics,3,1.9999999280000016
2026-02-09,UK Politics,1,1.9999999400000008
2026-02-16,UK Politics,0,0.9999999600000007
2026-02-23,UK Politics,3,1.3333333022222225
2026-03-02,UK Politics,0,0.3333333155555558
2026-03-09,UK Politics,1,0.1999999856000001
2026-03-16,UK Politics,1,0.3636363487603307
2026-03-23,UK Politics,0,-0.45454546049586775
2026-03-30,UK Politics,0,-0.45454546049586775
2026-04-06,UK Politics,0,-0.7272727302479338
2026-04-13,UK Politics,0,-1.0
2026-04-20,UK Politics,0,-1.0
2026-04-27,UK Politics,0,-1.0
2026-05-04,UK Politics,0,-1.0
2026-05-11,UK Politics,0,-1.0
2026-05-18,UK Politics,0,-1.0
2026-05-25,UK Politics,0,-1.0
2026-06-01,UK Politics,0,-1.0
2026-06-08,UK Politics,0,-1.0
2026-06-15,UK Politics,0,-1.0
2026-06-22,UK Politics,0,-1.0
2026-06-29,UK Politics,0,-1.0
2022-10-03,US & International Politics,0,
2022-10-10,US & International Politics,0,
2022-10-17,US & International Politics,0,
2022-10-24,US & International Politics,0,
2022-10-31,US & International Politics,0,
2022-11-07,US & International Politics,0,
2022-11-14,US & International Politics,0,
2022-11-21,US & International Politics,0,
2022-11-28,US & International Politics,0,
2022-12-05,US & International Politics,0,
2022-12-12,US & International Politics,0,
2022-12-19,US & International Politics,0,-1.0
2022-12-26,US & International Politics,0,-1.0
2023-01-02,US & International Politics,0,-1.0
2023-01-09,US & International Politics,0,-1.0
2023-01-16,US & International Politics,0,-1.0
2023-01-23,US & International Politics,0,-1.0
2023-01-30,US & International Politics,0,-1.0
2023-02-06,US & International Politics,0,-1.0
2023-02-13,US & International Politics,0,-1.0
2023-02-20,US & International Politics,0,-1.0
2023-02-27,US & International Politics,0,-1.0
2023-03-06,US & International Politics,0,-1.0
2023-03-13,US & International Politics,0,-1.0
2023-03-20,US & International Politics,0,-1.0
2023-03-27,US & International Politics,0,-1.0
2023-04-03,US & International Politics,0,-1.0
2023-04-10,US & International Politics,0,-1.0
2023-04-17,US & International Politics,0,-1.0
2023-04-24,US & International Politics,0,-1.0
2023-05-01,US & International Politics,0,-1.0
2023-05-08,US & International Politics,0,-1.0
2023-05-15,US & International Politics,0,-1.0
2023-05-22,US & International Politics,0,-1.0
2023-05-29,US & International Politics,0,-1.0
2023-06-05,US & International Politics,0,-1.0
2023-06-12,US & International Politics,0,-1.0
2023-06-19,US & International Politics,0,-1.0
2023-06-26,US & International Politics,0,-1.0
2023-07-03,US & International Politics,0,-1.0
2023-07-10,US & International Politics,0,-1.0
2023-07-17,US & International Politics,0,-1.0
2023-07-24,US & International Politics,0,-1.0
2023-07-31,US & International Politics,0,-1.0
2023-08-07,US & International Politics,0,-1.0
2023-08-14,US & International Politics,0,-1.0
2023-08-21,US & International Politics,0,-1.0
2023-08-28,US & International Politics,0,-1.0
2023-09-04,US & International Politics,0,-1.0
2023-09-11,US & International Politics,0,-1.0
2023-09-18,US & International Politics,0,-1.0
2023-09-25,US & International Politics,0,-1.0
2023-10-02,US & International Politics,0,-1.0
2023-10-09,US & International Politics,0,-1.0
2023-10-16,US & International Politics,0,-1.0
2023-10-23,US & International Politics,1,1.9999996400000435
2023-10-30,US & International Politics,0,1.9999996400000435
2023-11-06,US & International Politics,0,1.9999996400000435
2023-11-13,US & International Politics,0,1.9999996400000435
2023-11-20,US & International Politics,0,-1.0
2023-11-27,US & International Politics,0,-1.0
2023-12-04,US & International Politics,0,-1.0
2023-12-11,US & International Politics,0,-1.0
2023-12-18,US & International Politics,0,-1.0
2023-12-25,US & International Politics,0,-1.0
2024-01-01,US & International Politics,0,-1.0
2024-01-08,US & International Politics,0,-1.0
2024-01-15,US & International Politics,0,-1.0
2024-01-22,US & International Politics,0,-1.0
2024-01-29,US & International Politics,0,-1.0
2024-02-05,US & International Politics,0,-1.0
2024-02-12,US & International Politics,0,-1.0
2024-02-19,US & International Politics,0,-1.0
2024-02-26,US & International Politics,0,-1.0
2024-03-04,US & International Politics,0,-1.0
2024-03-11,US & International Politics,0,-1.0
2024-03-18,US & International Politics,0,-1.0
2024-03-25,US & International Politics,0,-1.0
2024-04-01,US & International Politics,0,-1.0
2024-04-08,US & International Politics,0,-1.0
2024-04-15,US & International Politics,0,-1.0
2024-04-22,US & International Politics,0,-1.0
2024-04-29,US & International Politics,0,-1.0
2024-05-06,US & International Politics,0,-1.0
2024-05-13,US & International Politics,0,-1.0
2024-05-20,US & International Politics,0,-1.0
2024-05-27,US & International Politics,0,-1.0
2024-06-03,US & International Politics,0,-1.0
2024-06-10,US & International Politics,0,-1.0
2024-06-17,US & International Politics,0,-1.0
2024-06-24,US & International Politics,0,-1.0
2024-07-01,US & International Politics,0,-1.0
2024-07-08,US & International Politics,0,-1.0
2024-07-15,US & International Politics,0,-1.0
2024-07-22,US & International Politics,0,-1.0
2024-07-29,US & International Politics,0,-1.0
2024-08-05,US & International Politics,0,-1.0
2024-08-12,US & International Politics,0,-1.0
2024-08-19,US & International Politics,0,-1.0
2024-08-26,US & International Politics,0,-1.0
2024-09-02,US & International Politics,0,-1.0
2024-09-09,US & International Politics,0,-1.0
2024-09-16,US & International Politics,0,-1.0
2024-09-23,US & International Politics,0,-1.0
2024-09-30,US & International Politics,0,-1.0
2024-10-07,US & International Politics,0,-1.0
2024-10-14,US & International Politics,0,-1.0
2024-10-21,US & International Politics,1,1.9999996400000435
2024-10-28,US & International Politics,1,1.9999998200000109
2024-11-04,US & International Politics,0,1.9999998200000109
2024-11-11,US & International Politics,0,1.9999998200000109
2024-11-18,US & International Politics,1,0.9999999200000032
2024-11-25,US & International Politics,2,0.7999999568000009
2024-12-02,US & International Politics,0,0.7999999568000009
2024-12-09,US & International Politics,0,0.7999999568000009
2024-12-16,US & International Politics,0,0.19999997120000068
2024-12-23,US & International Politics,1,-0.5000000099999998
2024-12-30,US & International Politics,0,-0.5000000099999998
2025-01-06,US & International Politics,0,-0.5000000099999998
2025-01-13,US & International Politics,1,-1.9999999656405976e-08
2025-01-20,US & International Politics,0,-0.40000001439999966
2025-01-27,US & International Politics,0,-0.40000001439999966
2025-02-03,US & International Politics,0,-0.40000001439999966
2025-02-10,US & International Politics,0,-1.0
2025-02-17,US & International Politics,0,-1.0
2025-02-24,US & International Politics,0,-1.0
2025-03-03,US & International Politics,0,-1.0
2025-03-10,US & International Politics,0,-1.0
2025-03-17,US & International Politics,1,0.49999991000000543
2025-03-24,US & International Politics,0,0.49999991000000543
2025-03-31,US & International Politics,0,0.49999991000000543
2025-04-07,US & International Politics,0,1.9999996400000435
2025-04-14,US & International Politics,0,-1.0
2025-04-21,US & International Politics,0,-1.0
2025-04-28,US & International Politics,0,-1.0
2025-05-05,US & International Politics,0,-1.0
2025-05-12,US & International Politics,0,-1.0
2025-05-19,US & International Politics,0,-1.0
2025-05-26,US & International Politics,0,-1.0
2025-06-02,US & International Politics,0,-1.0
2025-06-09,US & International Politics,0,-1.0
2025-06-16,US & International Politics,0,-1.0
2025-06-23,US & International Politics,0,-1.0
2025-06-30,US & International Politics,0,-1.0
2025-07-07,US & International Politics,0,-1.0
2025-07-14,US & International Politics,0,-1.0
2025-07-21,US & International Politics,0,-1.0
2025-07-28,US & International Politics,0,-1.0
2025-08-04,US & International Politics,0,-1.0
2025-08-11,US & International Politics,0,-1.0
2025-08-18,US & International Politics,0,-1.0
2025-08-25,US & International Politics,0,-1.0
2025-09-01,US & International Politics,0,-1.0
2025-09-08,US & International Politics,0,-1.0
2025-09-15,US & International Politics,0,-1.0
2025-09-22,US & International Politics,0,-1.0
2025-09-29,US & International Politics,0,-1.0
2025-10-06,US & International Politics,0,-1.0
2025-10-13,US & International Politics,0,-1.0
2025-10-20,US & International Politics,0,-1.0
2025-10-27,US & International Politics,0,-1.0
2025-11-03,US & International Politics,0,-1.0
2025-11-10,US & International Politics,0,-1.0
2025-11-17,US & International Politics,0,-1.0
2025-11-24,US & International Politics,0,-1.0
2025-12-01,US & International Politics,0,-1.0
2025-12-08,US & International Politics,0,-1.0
2025-12-15,US & International Politics,0,-1.0
2025-12-22,US & International Politics,0,-1.0
2025-12-29,US & International Politics,0,-1.0
2026-01-05,US & International Politics,0,-1.0
2026-01-12,US & International Politics,0,-1.0
2026-01-19,US & International Politics,3,1.9999998800000047
2026-01-26,US & International Politics,0,1.9999998800000047
2026-02-02,US & International Politics,2,1.9999999280000016
2026-02-09,US & International Politics,5,1.9999999640000001
2026-02-16,US & International Politics,1,1.181818158016529
2026-02-23,US & International Politics,3,1.3571428369387757
2026-03-02,US & International Politics,1,0.9999999840000002
2026-03-09,US & International Politics,1,0.12499999156250019
2026-03-16,US & International Politics,2,0.16666665888888899
2026-03-23,US & International Politics,0,-0.33333333777777774
2026-03-30,US & International Politics,0,-0.5000000033333333
2026-04-06,US & International Politics,0,-0.6666666688888889
2026-04-13,US & International Politics,0,-1.0
2026-04-20,US & International Politics,0,-1.0
2026-04-27,US & International Politics,0,-1.0
2026-05-04,US & International Politics,0,-1.0
2026-05-11,US & International Politics,0,-1.0
2026-05-18,US & International Politics,0,-1.0
2026-05-25,US & International Politics,0,-1.0
2026-06-01,US & International Politics,0,-1.0
2026-06-08,US & International Politics,0,-1.0
2026-06-15,US & International Politics,0,-1.0
2026-06-22,US & International Politics,0,-1.0
2026-06-29,US & International Politics,0,-1.0
